Timestamp,Region,Model,rtReserveTime or preorder-email time ,Initial Valve Estimate,Your most recent pre-order estimated time,When did you receive your ready to order email?
2/25/2022 13:21:40,US,256,1626454969,December,Q1,1645812540
2/9/2022 14:50:45,UK,512,1635594996,After Q2,After Q2,
2/9/2022 14:54:02,US,512,1626454856,December,Q1,
2/9/2022 14:58:39,US,256,1644440188,Q1,Q2,
2/9/2022 15:04:49,EU,256,1626478685,Q1,Q2,
2/9/2022 15:06:32,US,512,1627423926,Q2,After Q2,
2/25/2022 15:37:52,EU,512,1626454854,December,Q1,1645813320
2/9/2022 23:05:21,US,512,1644280584,After Q2,,
2/9/2022 23:15:08,EU,256,1626602824,Q1,Q2,
2/9/2022 23:15:06,US,64,1628044627,After Q2,After Q2,
2/9/2022 23:17:51,US,64,1626460308,Q1,Q2,
2/9/2022 23:18:10,US,512,1626455651,Q1,Q2,
2/9/2022 23:22:26,US,512,1626455771,December,,
2/9/2022 23:26:36,US,512,1626454981,December,Q1,
2/9/2022 23:26:51,US,256,1626455273,Q1,Q1,
2/9/2022 23:41:51,US,512,1626455576,Q1,Q2,
2/9/2022 23:42:43,EU,64,1626462000,December,Q1,
2/9/2022 23:45:43,US,256,1626454855,December,Q1,
2/9/2022 23:49:34,US,64,1626457281,Q1,Q2,
2/9/2022 23:51:25,US,512,1626455223,Q1,Q1,
2/10/2022 0:01:11,US,512,1626457867,Q1,Q2,
2/10/2022 0:03:22,EU,512,1626470575,Q1,Q2,
2/10/2022 0:04:59,US,256,1626455915,Q1,Q2,
2/10/2022 0:18:20,EU,512,1626454997,December,Q1,
2/10/2022 0:22:19,US,256,1626465374,Q1,Q2,
2/10/2022 0:36:21,US,64,1626471997,Q1,Q2,
2/10/2022 0:38:01,EU,256,1626454827,December,Q1,
2/10/2022 0:42:58,EU,512,1626545601,Q1,Q2,
2/10/2022 0:52:41,US,512,1626455335,Q1,Q2,
2/10/2022 1:16:06,EU,512,1626456181,Q1,Q1,
2/10/2022 1:18:45,EU,256,1626468720,Q1,Q2,
2/10/2022 1:26:21,EU,64,1626459898,December,Q1,
2/10/2022 1:26:28,UK,64,1626539460,Q2,Q2,
2/10/2022 1:40:57,US,512,1626455921,Q1,Q2,
2/10/2022 1:41:36,UK,256,1626455083,December,Q1,
2/10/2022 1:41:41,EU,512,1626854664,Q1,Q2,
2/10/2022 1:42:34,US,256,1628290307,After Q2,After Q2,
2/10/2022 1:43:02,EU,256,1626483936,Q1,Q2,
2/10/2022 1:51:47,EU,256,1626506245,Q1,Q2,
2/10/2022 1:52:56,EU,512,1626612750,Q2,Q2,
2/10/2022 1:55:46,EU,512,1626711510,Q1,Q2,
2/10/2022 2:03:17,UK,256,1626459400,Q1,Q2,
2/10/2022 2:04:06,EU,256,1626456338,Q1,Q1,
2/10/2022 2:27:24,EU,512,1626454996,December,Q1,
2/10/2022 2:34:58,EU,64,1626972150,Q1,Q2,
2/10/2022 2:37:56,US,512,1644405361,After Q2,,
2/10/2022 2:47:22,EU,512,1626454969,December,Q1,
2/10/2022 2:49:03,EU,512,1626458314,Q1,Q2,
2/10/2022 3:04:28,EU,512,1626455387,December,Q1,
2/10/2022 3:08:30,US,512,1626502320,Q2,After Q2,
2/10/2022 3:14:52,EU,256,1626464012,Q1,Q2,
2/10/2022 3:17:45,EU,256,1626457296,Q1,Q1,
2/10/2022 3:18:32,EU,512,1626514723,Q2,Q2,
2/10/2022 3:31:53,UK,64,1626455074,December,Q1,
2/10/2022 3:38:54,US,256,1626465415,Q1,Q2,
2/10/2022 3:42:27,EU,256,1626455586,December,Q1,
2/10/2022 3:48:13,US,512,1626454835,December,Q1,
2/10/2022 3:54:48,US,256,1626460519,Q2,Q2,
2/10/2022 3:58:44,EU,512,1626459408,Q2,Q2,
2/10/2022 4:06:11,EU,512,1626456965,Q2,,
2/10/2022 4:12:37,UK,64,1626640923,Q2,Q2,
2/10/2022 4:20:14,US,512,1643980826,After Q2,,
2/10/2022 4:20:26,EU,256,1626459350,Q1,Q2,
2/10/2022 4:21:47,EU,64,1626464450,December,Q1,
2/10/2022 4:24:43,EU,256,1627073255,Q1,Q2,
2/10/2022 4:29:09,EU,512,1626460055,Q1,Q2,
2/10/2022 4:38:07,US,256,1626471875,Q1,Q2,
2/10/2022 4:39:19,EU,512,1626455589,December,Q1,
2/10/2022 4:57:50,EU,64,1626479275,Q1,Q1,
2/10/2022 4:57:59,EU,512,1626535247,Q1,Q2,
2/10/2022 4:59:28,UK,64,1626515410,Q2,Q2,
2/10/2022 5:04:16,EU,256,1626458950,Q1,Q2,
2/10/2022 5:09:11,UK,512,1626455382,Q1,Q2,
2/10/2022 5:15:29,EU,512,1626460100,Q1,Q2,
2/10/2022 5:25:03,EU,256,1626469725,Q1,Q2,
2/10/2022 5:25:42,EU,256,1628279792,After Q2,After Q2,
2/10/2022 5:31:16,EU,256,1626897863,Q1,Q2,
2/10/2022 5:46:37,EU,256,1626472930,Q1,Q2,
2/10/2022 5:53:51,EU,256,1626454924,December,Q1,
2/10/2022 6:23:24,EU,256,1626454970,December,Q1,
2/10/2022 6:34:02,US,256,1626455470,Q1,Q1,
2/10/2022 6:45:40,EU,256,1626782274,December,Q2,
2/10/2022 6:47:57,US,512,1626459105,Q1,,
2/10/2022 6:57:57,UK,512,1626455396,Q1,Q2,
2/10/2022 7:03:43,EU,256,1626455694,December,Q1,
2/10/2022 7:15:03,UK,512,1626454819,December,Q1,
2/10/2022 7:28:50,US,512,1626538310,Q2,After Q2,
2/10/2022 7:28:58,US,64,1626463800,Q2,Q2,
2/10/2022 7:39:29,EU,256,1626455597,December,Q1,
2/10/2022 7:39:34,EU,512,1626768901,Q2,Q2,
2/10/2022 7:48:14,US,256,1626456112,Q1,Q2,
2/10/2022 7:58:11,EU,256,1626593553,Q1,Q2,
2/10/2022 8:00:19,EU,512,1626456523,December,Q2,
2/10/2022 8:00:25,UK,64,1626519847,Q2,Q2,
2/10/2022 8:01:13,EU,256,1626523644,Q1,Q2,
2/10/2022 8:02:15,US,512,1626455623,Q1,Q2,
2/10/2022 8:05:16,EU,512,1626472043,Q1,Q2,
2/10/2022 8:06:28,EU,512,1626455295,December,Q1,
2/10/2022 8:17:45,EU,512,1626455540,December,Q1,
2/10/2022 8:31:54,EU,512,1626455222,December,Q1,
2/10/2022 8:38:02,EU,512,1626459138,Q1,Q2,
2/10/2022 8:45:04,EU,512,1626455384,December,Q1,
2/10/2022 8:50:35,EU,512,1626455606,December,Q1,
2/10/2022 8:54:19,EU,256,1626455921,December,Q1,
2/10/2022 8:52:17,EU,256,1626568517,Q1,Q2,
2/10/2022 8:56:55,EU,512,1626457295,Q1,Q2,
2/10/2022 9:07:31,EU,64,1626477344,December,Q1,
2/10/2022 9:09:23,EU,256,1626675546,Q2,Q2,
2/10/2022 9:12:53,US,512,1626456626,Q1,Q2,
2/10/2022 9:15:05,US,512,1626457623,Q1,Q2,
2/10/2022 9:15:42,EU,512,1657999086,Q1,Q1,1657999140
2/10/2022 9:16:01,US,256,1626455297,Q1,Q1,
2/10/2022 9:16:30,EU,256,1626455520,December,Q1,
2/10/2022 9:29:57,EU,256,1626502872,Q1,Q2,
2/10/2022 9:36:29,EU,512,1626455552,December,Q1,
2/10/2022 9:43:05,EU,512,1626455387,December,Q1,
2/10/2022 9:44:04,EU,256,1626455160,December,Q1,
2/10/2022 9:48:35,EU,256,1626455708,December,Q1,
2/10/2022 9:50:14,EU,256,1644508060000,Q2,Q2,
2/10/2022 9:55:09,EU,512,1626459376,Q1,Q2,
2/10/2022 9:59:30,US,256,1626454838,December,Q1,
2/10/2022 10:03:41,EU,256,1626459899,Q1,Q2,
2/10/2022 10:11:22,EU,256,1626460557,Q1,Q2,
2/10/2022 10:13:46,EU,256,1626544821,Q1,Q2,
2/10/2022 10:14:43,US,512,1626458392,Q1,Q2,
2/10/2022 10:19:12,EU,512,1626456025,Q1,Q1,
2/10/2022 10:24:06,EU,256,1631041680,Q1,After Q2,
2/10/2022 10:25:24,US,256,1626455651,Q1,Q2,
2/10/2022 10:29:13,EU,256,1626643969,Q1,Q2,
2/10/2022 10:29:56,EU,512,1639048289,Q2,After Q2,
2/10/2022 10:37:38,EU,512,1626462759,Q1,Q2,
2/10/2022 10:44:12,EU,256,1626977521,Q1,Q2,220720212011
2/10/2022 10:40:12,EU,256,1626685301,Q1,Q2,
2/10/2022 10:54:36,EU,256,1626511080,Q2,Q2,
2/10/2022 10:56:15,UK,256,1627407531,Q2,Q2,
2/10/2022 10:57:14,EU,256,1626454981,December,Q1,
2/10/2022 11:07:45,US,256,1626471553,Q1,Q2,
2/10/2022 11:10:04,US,256,1626473161,Q1,Q2,
2/10/2022 11:18:02,EU,256,1626554878,December,Q1,
2/10/2022 11:20:07,EU,256,1626470144,Q2,Q2,
2/10/2022 11:22:39,EU,256,1626459370,Q1,Q2,
2/10/2022 11:29:59,US,256,1641773460,After Q2,After Q2,
2/10/2022 11:34:07,EU,512,1626538080,Q1,Q2,
2/10/2022 11:36:06,EU,256,1626540196,Q2,Q2,
2/10/2022 11:40:44,EU,512,1635688698,After Q2,After Q2,
2/10/2022 12:09:32,UK,256,1626462743,Q1,,
2/10/2022 12:11:17,US,512,1626455100,Q1,Q1,
2/10/2022 12:17:00,EU,512,1626455812,Q1,Q1,
2/10/2022 12:18:44,EU,256,1634914200,After Q2,After Q2,
2/10/2022 12:26:11,EU,512,1626457814,Q2,Q2,
2/10/2022 12:33:19,EU,512,1626456150,December,Q1,
2/10/2022 12:35:33,EU,512,1634506187,Q2,After Q2,
2/10/2022 12:43:03,EU,512,1626474584,Q2,Q2,
2/10/2022 12:44:30,EU,256,1626504100,Q1,Q2,
2/10/2022 12:47:06,US,512,1626456179,Q1,Q2,
2/10/2022 12:59:28,US,256,1626459169,Q1,Q2,
2/10/2022 13:00:41,US,256,1626456568,Q1,Q2,
2/10/2022 13:04:59,EU,512,1626455205,December,Q1,
2/10/2022 13:05:17,EU,256,1626464850,Q1,Q2,
2/10/2022 13:09:58,EU,256,1626455383,December,Q1,
2/10/2022 13:29:51,EU,256,1628506609,Q2,After Q2,
2/10/2022 13:38:27,EU,256,1626464688,Q1,Q2,
2/10/2022 13:48:42,EU,256,1626735110,Q1,Q2,
2/10/2022 13:48:52,US,512,1626455625,Q1,Q2,
2/10/2022 13:55:02,EU,256,1626458741,Q1,Q2,
2/10/2022 14:12:27,US,512,1626455844,Q1,Q2,
2/10/2022 14:13:32,US,512,1626457281,Q1,Q2,
2/10/2022 14:16:32,EU,256,1640437376,After Q2,After Q2,
2/10/2022 14:37:32,EU,256,1626463162,Q1,Q2,
2/10/2022 14:47:09,EU,512,1626455894,Q1,Q1,
2/10/2022 14:52:46,UK,256,1638550106,After Q2,After Q2,
2/10/2022 14:55:48,EU,256,1626508647,Q1,Q2,
2/10/2022 15:04:41,US,512,1626458424,Q1,Q2,
2/10/2022 15:30:25,EU,512,1658525322,,Q1,
2/10/2022 15:32:47,EU,512,1626472389,Q1,Q2,
2/10/2022 15:50:50,EU,512,1626460549,Q1,Q2,
2/10/2022 15:54:55,EU,256,1626455718,Q1,Q1,
2/10/2022 15:59:29,US,512,1626455234,Q1,Q1,
2/10/2022 16:00:34,US,512,1626458734,Q2,Q2,
2/10/2022 16:17:28,EU,256,1626535572,Q2,Q2,
2/10/2022 16:18:42,EU,64,1626482958,Q1,Q1,
2/10/2022 16:19:53,EU,256,1626456154,December,Q1,
2/10/2022 16:22:25,EU,512,1626455099,December,Q1,
2/10/2022 16:28:13,EU,256,1626455898,December,Q1,
2/10/2022 16:34:53,EU,512,1626457620,December,,
2/10/2022 17:08:29,EU,256,1626456523,Q1,Q1,
2/10/2022 17:39:37,EU,256,1626456172,Q1,Q1,
2/10/2022 17:42:21,EU,512,1626509956,December,Q2,
2/10/2022 18:09:12,EU,512,1649365320,Q1,Q2,1649365320
2/10/2022 18:16:27,EU,256,1626461987,Q1,Q2,
2/10/2022 18:43:22,US,64,1626455904,December,Q1,
2/10/2022 19:07:42,EU,512,1626459434,Q2,Q2,
2/10/2022 19:35:32,US,256,1626455240,December,Q1,
2/10/2022 20:11:14,EU,512,1626531186,Q2,Q2,
2/10/2022 20:35:56,US,512,1626459425,Q2,After Q2,
2/10/2022 21:25:13,US,256,1626462359,Q1,Q2,
2/10/2022 21:49:41,US,512,1626465822,Q2,After Q2,
2/10/2022 23:54:19,EU,512,1626456721,Q2,Q2,
2/11/2022 1:26:23,EU,256,1626522772,Q1,Q2,
2/11/2022 3:27:16,EU,512,1626466216,Q2,Q2,
2/11/2022 5:10:51,EU,512,1626784680,Q1,Q2,
2/11/2022 5:24:44,EU,256,1626680878,Q1,Q2,
2/11/2022 6:25:06,EU,256,1626460585,Q2,Q2,
2/11/2022 6:26:12,US,512,1626456726,Q1,Q2,
2/11/2022 7:20:37,UK,256,1626461779,Q2,Q2,
2/11/2022 8:02:03,UK,512,1629621601,Q1,After Q2,
2/11/2022 8:25:51,EU,512,1626458749,Q2,Q2,
2/11/2022 11:07:46,US,512,1626455764,Q1,Q2,
2/11/2022 11:45:11,EU,512,1663164540,After Q2,After Q2,
2/11/2022 12:39:02,EU,512,1628466427,After Q2,After Q2,
2/11/2022 14:00:10,US,512,1626457285,Q1,Q2,
2/11/2022 15:19:23,EU,256,1626470781,Q1,Q2,
2/11/2022 15:37:06,EU,512,1626853104,Q1,Q2,
2/11/2022 16:01:10,EU,256,1626526202,Q2,Q2,
2/11/2022 18:09:29,EU,512,1626460530,Q1,Q2,
2/11/2022 18:58:19,EU,256,1626464790,Q1,Q2,
2/11/2022 19:14:48,EU,256,1626464590,Q1,Q2,
2/11/2022 19:44:44,EU,256,1626633939,Q2,Q2,
2/11/2022 20:14:55,EU,512,1626523757,Q1,Q2,
2/11/2022 23:33:04,US,512,1626463484,Q2,After Q2,
2/11/2022 23:51:11,US,64,1637955780,After Q2,After Q2,
2/12/2022 0:56:17,US,512,1626472098,Q2,After Q2,
2/12/2022 1:07:42,US,256,1626452018000,Q2,Q2,
2/12/2022 1:08:02,US,256,1626458731,Q1,Q2,
2/12/2022 1:23:02,US,256,1626456123,Q1,Q2,
2/12/2022 1:25:58,EU,256,1628977085,After Q2,After Q2,
2/12/2022 1:37:41,US,64,1626748401,After Q2,After Q2,
2/12/2022 1:59:53,US,64,1626492937,Q2,After Q2,
2/12/2022 2:11:07,US,64,1626456507,Q1,Q2,
2/12/2022 2:38:11,US,512,1628858205,Q2,After Q2,
2/12/2022 2:38:12,US,64,1626472605,Q2,Q2,
2/12/2022 2:40:06,US,512,1626455766,Q1,Q2,
2/12/2022 2:55:34,US,512,1626457274,Q1,Q2,
2/12/2022 3:07:27,US,512,1626455490,Q1,Q2,
2/12/2022 3:08:44,US,256,1626648297,Q2,After Q2,
2/12/2022 3:10:44,US,512,1626457020,Q2,Q2,
2/12/2022 3:20:48,UK,256,1626457885,Q1,Q2,
2/12/2022 3:23:12,US,256,1640774216,After Q2,After Q2,
2/12/2022 3:25:48,UK,512,1626458783,After Q2,After Q2,
2/12/2022 3:36:29,UK,256,1626803288,Q2,After Q2,
2/12/2022 3:39:39,EU,256,1644346802,After Q2,After Q2,
2/12/2022 3:44:00,US,512,1626477958,Q2,After Q2,
2/12/2022 3:45:53,UK,512,1640468924,After Q2,After Q2,
2/12/2022 3:46:06,US,256,1626457281,Q1,Q2,
2/12/2022 3:48:03,US,512,1644405143,After Q2,After Q2,
2/12/2022 3:52:48,US,512,1626500288,Q2,After Q2,
2/12/2022 4:01:03,US,512,1626455137,December,Q1,
2/12/2022 4:06:55,EU,256,1626462741,December,Q1,
2/12/2022 4:11:32,EU,256,1644411819,After Q2,After Q2,
2/12/2022 4:21:33,EU,512,1626507737,Q1,Q2,
2/12/2022 4:46:32,UK,256,1626529932,Q2,After Q2,
2/12/2022 4:56:45,US,512,1626455882,Q1,Q2,
2/12/2022 5:22:54,US,256,1629313024,After Q2,After Q2,
2/12/2022 5:30:22,EU,64,1626602400,Q1,Q2,
2/12/2022 5:36:09,US,256,1644454483,After Q2,After Q2,
2/12/2022 5:36:33,EU,64,1626476552,December,Q1,
2/12/2022 5:45:25,EU,256,1626593550,Q2,After Q2,
2/12/2022 5:52:21,EU,512,1628999961,After Q2,After Q2,
2/12/2022 5:53:52,EU,256,1634573636,After Q2,After Q2,
2/12/2022 5:54:11,UK,256,1633011363,Q2,After Q2,
2/12/2022 5:57:12,UK,512,1626455680,Q1,Q2,
2/12/2022 6:12:17,EU,256,1626458751,Q1,Q2,
2/12/2022 6:42:07,UK,256,1626464120,Q2,After Q2,
2/12/2022 6:44:10,EU,256,1628176718,After Q2,After Q2,
2/12/2022 6:44:48,EU,256,1626772087,Q1,Q2,
2/12/2022 6:48:44,EU,64,1633552886,After Q2,After Q2,
2/12/2022 7:02:40,US,256,1626583623,Q2,After Q2,
2/12/2022 7:03:20,EU,512,1644441824,After Q2,After Q2,
2/12/2022 7:21:51,US,512,1644548562,After Q2,After Q2,
2/12/2022 7:24:12,EU,256,1642201166,After Q2,After Q2,
2/12/2022 7:27:05,EU,256,1642201166,,After Q2,
2/12/2022 8:26:07,EU,64,1627342903,Q2,After Q2,
2/12/2022 8:03:46,US,512,1626455252,Q1,Q2,
2/12/2022 8:13:59,UK,256,1626473550,Q2,After Q2,
2/12/2022 8:15:44,US,256,1636823716,After Q2,After Q2,
2/12/2022 8:22:16,US,512,1631154480,After Q2,After Q2,
2/12/2022 8:37:35,UK,512,1626723600,Q2,After Q2,
2/12/2022 8:39:46,US,512,1626466679,December,After Q2,
2/12/2022 8:40:36,EU,256,1640365638,Q2,After Q2,
2/12/2022 8:53:02,US,64,1626455603,December,Q1,
2/12/2022 8:53:05,EU,256,1626464217,Q2,Q2,
2/12/2022 9:20:48,EU,256,1626462577,Q1,Q2,
2/12/2022 9:34:57,EU,256,1626465626,Q1,Q2,
2/12/2022 9:41:02,UK,512,1626455295,Q1,Q2,
2/12/2022 9:43:10,US,256,1626456181,Q2,Q2,
2/12/2022 9:56:58,US,512,1626467959,Q2,After Q2,
2/12/2022 9:56:14,US,256,1626454825,December,Q1,
2/12/2022 10:03:15,EU,64,1626613873,Q2,Q1,
2/12/2022 10:46:40,EU,64,1644346750,After Q2,After Q2,
2/12/2022 10:54:27,US,256,1638142136,After Q2,After Q2,
2/12/2022 11:05:07,US,256,1628431380,After Q2,After Q2,
2/12/2022 11:08:27,US,256,1626699473,Q2,After Q2,
2/12/2022 11:15:35,US,256,1626525971,Q2,After Q2,
2/12/2022 11:18:05,US,256,1633117114,After Q2,After Q2,
2/12/2022 11:39:14,US,64,1635621167,After Q2,After Q2,
2/12/2022 11:42:43,US,256,1626461997,Q1,Q2,
2/12/2022 11:48:13,EU,256,1626479239,Q1,Q2,
2/12/2022 12:00:23,EU,256,1626457292,Q1,Q1,
2/12/2022 12:04:48,US,256,1627595243,Q2,After Q2,
2/12/2022 12:06:33,US,256,1644362059,After Q2,After Q2,
2/12/2022 12:14:13,EU,256,1627418288,After Q2,After Q2,
2/12/2022 12:26:43,US,512,1626455217,Q1,Q1,
2/12/2022 12:52:32,US,512,1626457519,Q1,Q2,
2/12/2022 13:00:47,US,512,1626455870,Q1,Q2,
2/12/2022 13:09:52,EU,512,1626629944,Q2,Q2,
2/12/2022 13:28:40,UK,512,1631528666,After Q2,After Q2,
2/12/2022 13:49:20,EU,64,1626500801,Q1,Q1,
2/12/2022 13:52:21,EU,256,1643987849,After Q2,After Q2,
2/12/2022 14:03:20,US,256,1626457660,Q1,Q2,
2/12/2022 14:30:54,UK,512,1628280431,Q2,After Q2,
2/12/2022 14:34:59,EU,256,1635110837,After Q2,After Q2,
2/12/2022 14:41:41,UK,256,1636103280,After Q2,After Q2,
2/12/2022 14:48:30,US,256,1633171223,After Q2,After Q2,
2/12/2022 14:49:29,US,512,1626580800,Q2,After Q2,
2/12/2022 15:00:58,EU,256,1658000496,Q1,Q2,1658000496
2/12/2022 15:02:03,US,256,1626465224,Q1,Q2,
2/12/2022 15:02:27,UK,256,1626514227,Q2,After Q2,
2/12/2022 15:08:07,US,256,1626459436,Q2,Q2,
2/12/2022 15:10:01,US,512,1626464669,Q2,After Q2,
2/12/2022 15:26:41,US,64,1640906830,After Q2,After Q2,
2/12/2022 15:27:00,US,512,1635300350,After Q2,After Q2,
2/12/2022 15:27:24,US,256,1626459630,Q1,Q2,
2/12/2022 15:43:06,EU,256,1633647093,After Q2,After Q2,
2/12/2022 15:47:59,UK,256,1644235351,After Q2,After Q2,
2/12/2022 15:51:11,US,256,1626454855,December,Q1,
2/12/2022 15:53:14,UK,512,1626459418,After Q2,After Q2,
2/12/2022 15:54:30,EU,512,1626479287,Q1,Q2,
2/12/2022 15:56:22,US,512,1626645381,Q2,After Q2,
2/12/2022 15:59:34,UK,256,1626461661,Q1,Q2,
2/12/2022 16:14:27,EU,256,1626459873,Q1,Q2,
2/12/2022 16:17:42,EU,64,1642786061,After Q2,After Q2,
2/12/2022 16:24:51,EU,256,1626584347,Q1,Q2,
2/12/2022 16:24:55,US,64,1627762406,After Q2,After Q2,
2/12/2022 16:31:17,EU,512,1626563810,Q1,Q2,
2/12/2022 16:35:48,EU,512,1628424633,Q2,After Q2,
2/12/2022 16:44:24,US,512,1626834226,Q2,After Q2,
2/12/2022 16:45:05,EU,256,1637849868,After Q2,After Q2,
2/12/2022 16:45:38,US,256,1641378581,After Q2,After Q2,
2/12/2022 16:58:23,UK,256,1626605940,Q2,After Q2,
2/12/2022 17:04:30,EU,512,1626459379,Q1,Q2,
2/12/2022 17:07:48,US,512,1626460534,Q2,After Q2,
2/12/2022 17:12:47,US,256,1635470877,After Q2,After Q2,
2/12/2022 17:41:37,US,64,1626744823,Q2,After Q2,
2/12/2022 17:42:42,EU,512,1626462770,Q2,Q2,
2/12/2022 17:53:26,US,512,1626472735,Q2,After Q2,
2/12/2022 18:05:14,US,512,1626461458,Q1,After Q2,
2/12/2022 18:31:57,US,64,1640903616,After Q2,After Q2,
2/12/2022 18:43:50,US,512,1626455386,Q2,Q2,
2/12/2022 18:44:49,US,512,1626455906,Q1,Q2,
2/12/2022 18:50:13,US,64,1626469924,Q1,Q2,
2/12/2022 18:51:02,US,256,1626469204,Q2,After Q2,
2/12/2022 19:28:52,US,64,1626454967,December,Q1,
2/12/2022 19:32:02,US,64,1626484822,Q2,After Q2,1626488411000
2/12/2022 19:58:06,US,512,1639303012,After Q2,After Q2,
2/12/2022 19:58:12,US,256,1626455208,December,Q1,
2/12/2022 19:59:44,US,512,1626489723,Q2,After Q2,
2/12/2022 20:11:27,UK,256,1626455700,Q1,Q2,
2/12/2022 20:13:15,UK,512,1626458731,Q2,After Q2,
2/12/2022 20:17:15,EU,256,1626881061,Q1,Q2,
2/12/2022 20:35:26,US,256,1626455236,December,Q1,
2/12/2022 20:37:47,US,64,1626824276,Q2,After Q2,
2/12/2022 20:39:39,US,512,1626470379,Q2,After Q2,
2/12/2022 20:48:22,US,512,1626455220,December,Q1,
2/12/2022 20:53:15,US,256,1626489671,Q2,After Q2,
2/12/2022 21:03:20,US,512,1626456347,Q1,Q2,
2/12/2022 21:02:07,US,256,1626467352,Q2,Q2,
2/12/2022 21:03:23,US,512,1626467294,Q2,After Q2,
2/12/2022 21:06:12,US,512,1626457284,Q1,Q2,
2/12/2022 21:43:21,US,256,1633134208,Q2,After Q2,
2/12/2022 21:52:00,US,512,1626478382,Q2,After Q2,
2/12/2022 22:00:50,US,256,1635221594,After Q2,After Q2,
2/12/2022 22:40:28,US,256,1626455760,Q1,Q2,
2/12/2022 23:12:01,US,512,1626456702,Q1,Q2,
2/12/2022 23:16:03,US,64,1633987957,After Q2,After Q2,
2/12/2022 23:29:54,US,256,1626477259,Q2,Q1,
2/12/2022 23:38:56,US,256,1626455644,Q2,Q2,
2/12/2022 23:43:09,US,512,1626464270,Q2,After Q2,
2/12/2022 23:43:51,US,512,1626454845,December,Q1,
2/12/2022 23:51:14,US,512,1626436050000,Q2,After Q2,
2/12/2022 23:59:09,US,512,1644006735,After Q2,After Q2,
2/13/2022 0:02:26,US,512,1626459438,Q2,After Q2,
2/13/2022 0:12:48,US,64,1626664355,Q2,After Q2,
2/13/2022 0:14:26,US,512,1626466711,Q2,After Q2,
2/13/2022 0:17:51,US,256,1626463936,Q1,Q2,
2/21/2022 16:36:59,US,64,1626461133,Q1,Q2,
2/13/2022 0:45:38,US,512,1626496297,After Q2,After Q2,
2/13/2022 0:46:01,US,256,1642367687,After Q2,After Q2,
2/13/2022 0:52:52,US,256,1626467172,Q1,Q2,
2/13/2022 1:04:04,US,256,1626459363,Q1,Q2,
2/13/2022 1:04:17,US,512,1626460057,Q2,After Q2,
2/13/2022 1:19:39,US,512,1644276922,After Q2,After Q2,
2/13/2022 1:44:22,UK,512,1626455402,Q1,Q2,
2/13/2022 2:25:43,US,256,1626473294,Q1,Q2,
2/13/2022 2:26:49,EU,512,1640540039,After Q2,After Q2,
2/13/2022 2:27:29,EU,256,1626623039,Q1,Q2,
2/13/2022 2:42:20,EU,512,1626513251,Q1,Q2,
2/13/2022 2:49:15,UK,512,1643276040,After Q2,After Q2,
2/13/2022 2:59:42,EU,256,1627583492,After Q2,After Q2,
2/13/2022 3:47:08,EU,64,1626965550,Q1,Q2,
2/13/2022 3:51:39,UK,256,1626688220,Q2,After Q2,
2/13/2022 4:14:57,UK,256,1626455223,December,Q1,
2/13/2022 4:32:37,US,512,1626463748,Q2,After Q2,
2/13/2022 5:25:31,US,512,1626732726,Q2,After Q2,
2/13/2022 5:43:47,EU,512,1644315677,After Q2,After Q2,
2/13/2022 6:43:10,EU,256,1626467710,Q1,Q2,
2/13/2022 6:43:53,US,512,1626457292,Q1,Q2,
2/13/2022 7:33:19,EU,256,1626455614,December,Q1,
2/13/2022 7:56:08,UK,512,1626455210,,Q1,
2/13/2022 8:10:17,US,512,1626455516,Q1,Q2,
2/13/2022 8:12:42,US,256,1626528780,Q2,After Q2,
2/13/2022 8:37:34,US,512,1628341479,After Q2,After Q2,
2/13/2022 8:49:36,EU,256,1626456725,Q1,Q1,
2/13/2022 9:11:51,US,512,1626459123,Q1,Q2,
2/13/2022 9:14:59,UK,512,1626455991,After Q2,Q2,
2/13/2022 9:28:24,US,256,1626797763,Q2,After Q2,
2/13/2022 9:48:28,US,512,1626456120,December,Q2,
2/13/2022 9:54:05,US,64,1626464444,Q1,Q2,
2/13/2022 11:52:47,US,512,1638501075,After Q2,After Q2,
2/13/2022 12:00:50,EU,256,1626459385,Q1,Q2,
2/13/2022 12:03:52,EU,256,1626531960,Q2,Q2,
2/13/2022 12:52:28,US,256,1644716889,After Q2,After Q2,
2/13/2022 13:06:44,UK,512,1634926260,Q1,After Q2,
2/13/2022 13:06:59,US,64,1626456133,December,Q1,
2/13/2022 13:22:28,UK,64,1626461144,Q1,Q2,
2/13/2022 13:33:55,US,512,1626486746,December,After Q2,
2/13/2022 13:41:04,US,512,1628271807,After Q2,After Q2,
2/13/2022 13:46:57,EU,256,1657993800,Q2,Q2,
2/13/2022 13:53:21,US,64,1626465334,Q1,Q2,
2/13/2022 14:07:09,UK,64,1627822187,After Q2,After Q2,
2/13/2022 14:15:27,UK,512,1626484711,Q2,After Q2,
2/13/2022 14:43:54,US,512,1644784874,December,After Q2,
2/13/2022 15:01:26,EU,256,1626467624,Q1,Q2,
2/13/2022 16:19:12,US,512,1626459412,December,After Q2,
2/13/2022 16:43:45,US,512,1626455991,Q2,Q2,
2/13/2022 17:03:35,EU,512,1668462410,After Q2,After Q2,
2/13/2022 17:09:55,US,512,1626551568,Q1,After Q2,
2/13/2022 17:18:49,US,512,1626455517,Q1,Q2,
2/13/2022 17:28:16,US,512,1626455898,Q1,Q2,
2/13/2022 18:05:46,US,64,1627144114,Q1,After Q2,
2/13/2022 18:21:12,UK,256,1626686546,Q2,After Q2,
2/13/2022 18:25:17,US,64,1628615079,,After Q2,
2/13/2022 18:27:47,EU,256,1626467283,Q1,Q2,
2/13/2022 19:01:54,UK,64,1628343146,After Q2,After Q2,
2/13/2022 19:11:32,US,512,1626455886,Q2,Q2,
2/13/2022 19:31:22,US,512,1626459108,Q2,Q2,
2/13/2022 20:39:54,US,512,1626574930,Q2,After Q2,
2/13/2022 20:45:03,US,64,1638313059,After Q2,After Q2,
2/13/2022 22:04:13,US,512,1633199100,Q1,After Q2,
2/13/2022 22:04:17,US,256,1626528900,Q2,After Q2,
2/14/2022 0:19:40,US,512,1626471899,Q2,After Q2,
2/14/2022 1:09:34,US,512,1626459374,Q1,Q2,
2/14/2022 4:08:03,US,512,1644583685,After Q2,After Q2,
2/14/2022 4:46:51,UK,512,1626466364,Q2,After Q2,
2/14/2022 6:17:02,EU,256,1626459908,Q1,Q2,1626416671000
2/14/2022 11:23:32,US,512,1644600118,After Q2,After Q2,
2/14/2022 12:27:04,UK,64,1626479160,Q2,After Q2,
2/14/2022 12:25:08,US,512,1642265340000,After Q2,After Q2,
2/14/2022 12:26:25,US,256,1626480891,Q2,After Q2,
2/14/2022 12:46:16,US,512,1626629369,Q2,After Q2,
2/14/2022 12:50:25,US,512,1626455640,Q1,Q2,
2/14/2022 12:52:00,US,512,1626455693,Q1,Q2,
2/14/2022 13:24:17,US,512,1626455001,December,Q1,
2/14/2022 13:37:54,UK,512,1626548903,Q2,After Q2,
2/14/2022 14:12:09,US,512,1626469666,Q2,After Q2,
2/14/2022 15:08:48,US,64,1626469934,Q2,Q2,
2/14/2022 15:19:46,US,512,1626463900,Q2,After Q2,
2/14/2022 15:26:28,US,256,1626455119,December,Q1,
2/14/2022 15:38:23,US,512,1626464279,Q2,After Q2,
2/14/2022 17:06:25,EU,256,1640381081,After Q2,After Q2,
2/14/2022 17:37:46,US,512,1657988752,Q1,Q2,
2/14/2022 17:48:34,US,256,1626697530,Q2,After Q2,
2/14/2022 18:12:49,US,64,1626455600,December,Q1,
2/14/2022 18:19:37,EU,512,1626540720,Q1,Q2,
2/14/2022 19:33:43,US,512,1626460025,Q2,After Q2,
2/14/2022 19:38:23,US,512,1644463875,After Q2,After Q2,
2/14/2022 20:09:00,US,256,1631677627,After Q2,After Q2,
2/14/2022 20:24:31,US,256,1626545951,Q2,After Q2,
2/14/2022 21:04:27,US,512,1626464101,Q1,After Q2,
2/14/2022 21:10:43,US,512,1626455220,Q1,Q1,
2/14/2022 22:28:10,US,512,1626510016,Q2,After Q2,
2/15/2022 1:51:54,UK,512,1636012318,After Q2,After Q2,
2/15/2022 2:10:01,EU,512,1644064960,After Q2,After Q2,
2/15/2022 3:46:15,UK,512,1633611231,After Q2,After Q2,
2/15/2022 4:20:31,UK,512,1640220386,After Q2,After Q2,
2/15/2022 5:35:55,EU,256,1626476236,Q1,Q2,
2/15/2022 8:55:59,EU,256,1626462564,Q1,Q2,
2/15/2022 9:15:04,UK,64,1644420162,After Q2,After Q2,
2/15/2022 9:16:22,EU,64,1626488640,Q1,Q1,
2/15/2022 9:18:29,UK,64,1626535260,Q1,Q2,
2/15/2022 9:27:43,UK,512,1626545599,After Q2,After Q2,
2/15/2022 9:30:26,US,64,1626455763,December,Q1,
2/15/2022 9:31:40,EU,256,1626673074,Q1,Q2,
2/15/2022 9:32:39,US,512,1626455092,December,Q1,
2/15/2022 9:38:57,EU,256,1626462108,Q2,Q2,
2/15/2022 9:41:59,EU,256,1626462840,Q2,Q2,
2/15/2022 9:42:36,US,512,1635865200,After Q2,After Q2,
2/15/2022 9:43:40,EU,64,1626608533,Q1,Q2,
2/15/2022 9:44:32,US,64,1627330521,After Q2,After Q2,
2/15/2022 9:46:39,EU,512,1626454869,December,Q1,
2/15/2022 9:50:58,EU,512,1626974711,Q1,Q2,
2/15/2022 9:51:38,US,512,1626455531,December,Q2,
2/15/2022 9:53:35,EU,256,1626670440,Q1,Q2,
2/15/2022 9:54:23,UK,256,1626643495,Q1,Q2,
2/15/2022 9:55:25,EU,512,1626677625,Q1,Q2,
2/15/2022 9:57:15,EU,256,1626454820,December,Q1,
2/15/2022 10:02:16,EU,256,1626632595,Q1,Q2,
2/15/2022 10:03:01,US,256,1626456964,Q2,Q1,
2/15/2022 10:08:29,UK,512,1626697024,Q2,After Q2,
2/15/2022 10:10:09,US,256,1626458302,Q1,Q2,
2/15/2022 10:14:09,EU,512,1639321957,Q2,After Q2,
2/15/2022 10:18:15,US,256,1626464798,Q2,Q2,
2/15/2022 10:18:42,US,64,1642733278,After Q2,After Q2,
2/15/2022 10:19:13,US,512,1626455876,Q1,Q2,
2/15/2022 10:21:23,EU,256,1669914420,After Q2,After Q2,
2/15/2022 10:21:55,EU,64,1626638690,Q1,Q2,
2/15/2022 10:22:55,EU,512,1626457294,Q1,Q2,
2/15/2022 10:24:23,EU,64,1633544275,After Q2,After Q2,
2/15/2022 10:30:40,EU,512,1626456990,Q1,Q2,
2/15/2022 10:30:52,US,64,1626460586,Q2,Q2,
2/15/2022 10:32:15,UK,512,1626893700,Q2,After Q2,
2/15/2022 10:32:44,UK,256,1634057546,After Q2,After Q2,
2/15/2022 10:33:34,EU,512,1626469984,Q2,Q2,
2/15/2022 10:36:36,EU,512,1626569098,Q1,Q2,
2/15/2022 10:42:18,EU,512,1626459154,Q2,Q2,
2/15/2022 10:48:25,US,512,1626467700,Q2,After Q2,
2/15/2022 10:50:30,EU,512,1640275672,Q1,Q1,
2/15/2022 10:57:00,UK,256,1626508920,Q2,After Q2,
2/15/2022 10:57:52,EU,512,1626455168,December,Q1,
2/15/2022 11:04:11,EU,512,1632408839,Q2,After Q2,
2/15/2022 11:05:28,US,512,1626461148,After Q2,After Q2,
2/15/2022 11:07:45,US,256,1626949440,Q2,After Q2,
2/15/2022 11:07:51,EU,512,1627109804,Q1,Q2,
2/15/2022 11:08:14,EU,512,1626877340,Q1,Q2,
2/15/2022 11:08:51,US,512,1626548806,After Q2,After Q2,
2/15/2022 11:12:38,UK,64,1626459134,Q1,Q2,
2/15/2022 11:13:50,US,256,1626456161,Q1,Q2,
2/15/2022 11:18:36,EU,256,1626459136,Q1,Q2,
2/15/2022 11:20:32,UK,512,1628365020,Q2,After Q2,
2/15/2022 11:22:02,US,512,1626457671,Q1,Q2,
2/15/2022 11:24:06,EU,512,1626465617,Q1,Q2,
2/15/2022 11:26:59,EU,256,1628514489,After Q2,After Q2,
2/15/2022 11:27:34,EU,256,1626455971,December,Q1,
2/15/2022 11:28:23,US,512,1635468975,Q2,After Q2,
2/15/2022 11:31:39,UK,256,1626522660,Q2,After Q2,
2/15/2022 11:35:31,EU,256,1644012707,After Q2,After Q2,
2/15/2022 11:35:32,EU,512,1626534931,Q2,Q2,
2/15/2022 11:45:23,EU,512,1626455567,December,Q1,
2/15/2022 11:39:39,EU,512,1626454813,December,Q1,
2/15/2022 11:41:02,US,64,1626529634,Q2,After Q2,
2/15/2022 11:49:36,EU,64,1626464645,December,Q1,
2/15/2022 11:46:36,US,256,1626463933,Q1,Q2,
2/15/2022 11:46:39,US,512,1628806140,After Q2,After Q2,
2/15/2022 11:47:24,US,512,1636274493,After Q2,After Q2,
2/15/2022 11:47:29,UK,256,1627235114,Q2,After Q2,
2/15/2022 11:53:34,UK,512,1644012400,After Q2,After Q2,
2/15/2022 11:54:20,EU,512,1661742335,After Q2,After Q2,
2/15/2022 11:58:49,UK,256,1626455766,Q1,Q2,
2/15/2022 11:59:48,US,256,1629949832,After Q2,After Q2,
2/15/2022 12:01:01,US,256,1626455285,Q1,Q1,
2/15/2022 12:02:33,EU,512,1626454813,December,Q1,
2/15/2022 12:07:19,EU,512,1626509748,Q1,Q2,
2/15/2022 12:07:43,US,512,1626455601,Q1,Q2,
2/15/2022 12:09:41,US,512,1626461451,Q2,After Q2,
2/15/2022 12:10:37,US,64,1626466095,December,Q2,
2/15/2022 12:11:29,EU,256,1626460547,Q1,Q2,
2/15/2022 12:12:36,US,512,1627940640,After Q2,After Q2,
2/15/2022 12:16:45,US,512,1627083790,Q2,After Q2,
2/15/2022 12:21:07,UK,512,1628538545,After Q2,After Q2,
2/15/2022 12:34:40,US,64,1626455340,Q1,Q2,
2/15/2022 12:40:29,US,256,1626456000,Q1,Q2,
2/15/2022 12:47:42,US,256,1626455469,,Q1,
2/15/2022 12:51:04,US,512,1626455610,December,Q2,
2/15/2022 12:51:24,US,256,1626559181,After Q2,After Q2,
2/15/2022 12:53:22,EU,512,1626459386,Q2,Q2,
2/15/2022 13:07:29,US,256,1626721856,Q2,After Q2,
2/15/2022 13:11:08,EU,512,1626455281,December,Q1,
2/15/2022 13:15:33,US,512,1626454854,December,Q1,
2/15/2022 13:20:33,US,64,1657987020,Q1,Q2,
2/15/2022 13:22:06,US,256,1626457020,Q1,Q2,
2/15/2022 13:22:07,US,512,1626818430,Q2,After Q2,
2/15/2022 13:26:01,EU,512,1626620347,Q1,Q2,
2/15/2022 13:26:44,EU,256,1642966271,After Q2,After Q2,
2/15/2022 13:31:44,US,512,1626808800,After Q2,After Q2,
2/15/2022 13:37:29,US,512,1626455988,Q1,Q2,
2/15/2022 13:42:04,US,512,1642475238,Q1,After Q2,
2/15/2022 13:47:32,EU,512,1626587395,,Q2,
2/15/2022 13:49:02,EU,256,1630146389,After Q2,After Q2,
2/15/2022 13:49:47,US,512,16218769440,After Q2,After Q2,
2/18/2022 20:00:31,US,512,1626456724,Q1,Q2,
2/15/2022 14:00:14,US,512,1626455427,Q1,Q2,
2/15/2022 14:17:20,UK,256,1626631416,After Q2,After Q2,
2/15/2022 14:19:16,US,256,1626463740,Q1,Q2,
2/15/2022 14:20:14,EU,256,1628793703,After Q2,After Q2,
2/15/2022 14:22:37,US,256,1626468432,Q1,Q2,
2/15/2022 14:29:07,US,256,1626455430,Q1,Q1,
2/15/2022 14:31:53,US,256,1626454860,December,Q1,
2/15/2022 14:32:56,US,64,1626505200,After Q2,After Q2,
2/15/2022 14:38:48,US,512,1626455785,Q1,Q2,
2/15/2022 14:39:58,US,512,1644396955,After Q2,After Q2,
2/15/2022 14:41:19,UK,64,1626469144,Q1,Q2,
2/15/2022 14:51:47,EU,512,1626461658,Q1,Q2,
2/15/2022 14:53:21,US,512,1628980135,Q2,After Q2,
2/15/2022 14:54:38,US,256,1630286421,After Q2,After Q2,
2/15/2022 14:56:02,EU,256,1630397220,Q2,Q2,
2/15/2022 14:58:11,US,512,1626506068,After Q2,After Q2,
2/15/2022 15:00:45,EU,512,1627022773,Q2,After Q2,
2/15/2022 15:01:00,EU,512,1626460588,Q1,Q2,
2/15/2022 15:06:11,EU,256,1626463440,Q2,Q2,
2/15/2022 15:07:04,US,256,1626455629,Q1,Q2,
2/15/2022 15:42:14,US,512,1626507900,Q2,After Q2,
2/15/2022 15:09:56,US,512,1626455225,Q1,Q1,
2/15/2022 15:12:45,US,512,1626455530,Q1,Q2,
2/15/2022 15:18:18,US,512,1626552462,Q2,After Q2,
2/15/2022 15:24:10,EU,256,1626872214,Q1,Q2,
2/15/2022 15:28:33,EU,512,1628328066,After Q2,After Q2,
2/15/2022 15:31:14,US,256,1626465311,Q1,Q2,
2/15/2022 15:33:20,US,64,1626455891,December,Q1,
2/15/2022 15:33:46,US,64,1626457670,Q1,Q2,
2/15/2022 15:34:00,UK,256,1633793286,Q2,After Q2,
2/25/2022 16:06:47,US,64,1626455740,Q1,Q1,
2/15/2022 15:34:57,US,512,1626455661,Q1,Q2,
2/15/2022 15:37:31,EU,512,1626464716,Q1,Q2,
2/15/2022 15:41:25,UK,512,1626463740,Q2,After Q2,
2/16/2022 5:37:20,EU,512,1626530038,December,Q1,
2/15/2022 15:43:46,EU,512,1626458743,Q1,Q2,
2/15/2022 15:50:19,EU,256,1626455689,December,Q1,
2/15/2022 16:08:17,EU,256,1628725200,Q2,After Q2,
2/15/2022 16:10:25,US,64,1626455638,December,Q1,
2/15/2022 16:12:25,US,512,1631614329,After Q2,After Q2,
2/15/2022 16:14:32,US,256,1626459131,Q1,Q2,
2/15/2022 16:16:37,US,64,1626462336,Q2,Q2,
2/15/2022 16:27:37,EU,512,1626862019,Q1,Q2,
2/15/2022 16:40:15,EU,256,1626456332,Q2,Q1,
2/15/2022 17:06:29,US,512,162644502900,Q1,Q2,
2/15/2022 17:10:20,EU,512,1626461144,Q1,Q2,
2/15/2022 17:10:52,EU,256,1626464171,Q1,Q2,
2/15/2022 17:25:33,US,512,1626459122,Q1,Q2,
2/15/2022 17:26:15,US,64,1626550273,Q2,After Q2,
2/15/2022 17:26:45,US,256,1626454800994,After Q2,After Q2,
2/15/2022 17:29:35,US,64,1626466147,Q2,Q2,
2/15/2022 17:44:17,US,512,1626456524,Q1,Q2,
2/15/2022 17:46:24,US,512,1626454800000,December,Q1,1626454800000
2/15/2022 17:49:50,US,256,1640701408,After Q2,After Q2,
2/15/2022 17:55:09,EU,64,1632783480,Q2,After Q2,
2/15/2022 18:03:10,US,512,1626456520,December,Q2,
2/15/2022 18:13:14,UK,64,1629798153,,After Q2,
2/15/2022 18:14:40,US,256,1626460078,Q1,Q2,
2/15/2022 18:17:09,UK,512,1629902428,After Q2,After Q2,
2/15/2022 18:48:03,EU,512,1626556047,Q1,Q2,
2/15/2022 18:59:55,EU,512,1626458170,December,Q2,
2/15/2022 19:04:54,EU,256,1626822000,Q1,Q2,
2/15/2022 19:12:42,EU,256,1626640457,Q1,Q2,
2/15/2022 19:15:19,US,256,1630803227,Q2,After Q2,
2/15/2022 19:22:15,US,256,1613471777000,Q1,Q2,
2/15/2022 19:24:37,US,256,1626470208,Q1,Q2,
2/15/2022 19:25:54,US,256,1626729838,After Q2,After Q2,
2/15/2022 19:38:53,US,256,1626459135,Q1,Q2,
2/15/2022 19:44:05,US,64,1626967320,Q2,After Q2,
2/15/2022 20:05:55,US,256,1626457653,Q2,Q2,
2/15/2022 20:07:18,US,64,1626719150,Q2,After Q2,
2/15/2022 20:13:07,US,512,1629580500,Q2,After Q2,
2/15/2022 20:32:41,US,512,1626475110,Q1,After Q2,
2/15/2022 20:40:54,US,512,1627185708,After Q2,After Q2,
2/15/2022 20:51:15,US,512,1626464271,Q2,After Q2,
2/15/2022 20:56:23,EU,512,1632606844,Q2,After Q2,
2/15/2022 21:04:34,US,256,1626468300,Q1,Q2,
2/15/2022 21:09:28,US,256,1626470943,Q2,Q2,
2/15/2022 21:25:36,US,512,1626456519,After Q2,Q2,
2/15/2022 21:29:39,US,512,1626454969,After Q2,After Q2,
2/15/2022 22:25:25,US,256,1626480791,Q2,After Q2,
2/15/2022 22:35:16,US,512,1626459376,Q1,Q2,
2/15/2022 22:35:45,US,256,1626542058,After Q2,After Q2,
2/15/2022 22:41:41,US,512,1626456148,Q1,Q2,
2/15/2022 23:52:41,UK,64,1634502236,After Q2,After Q2,
2/16/2022 0:41:34,EU,512,1626462001,Q1,Q2,
2/16/2022 0:42:37,US,256,1626455223,December,Q1,
2/16/2022 0:55:05,US,512,1644994448,After Q2,After Q2,
2/16/2022 2:49:06,EU,256,1644335961,After Q2,After Q2,
2/16/2022 3:04:42,EU,512,1626506107,Q2,Q2,
2/16/2022 3:36:56,EU,512,1626607819,Q1,Q2,
2/16/2022 3:47:08,US,256,1627037268,Q2,Q2,
2/16/2022 4:29:15,EU,512,1634976858,After Q2,After Q2,
2/16/2022 6:02:45,EU,512,1635065951,After Q2,Q2,
2/16/2022 7:22:14,US,256,1626518982,Q2,After Q2,
2/16/2022 7:22:14,EU,256,1627207578,Q2,After Q2,
2/16/2022 7:22:21,EU,256,1626463479,Q1,Q2,
2/16/2022 7:26:00,US,512,1626472636,After Q2,After Q2,
2/16/2022 7:28:53,UK,512,1626462615,Q2,After Q2,
2/16/2022 7:31:56,EU,256,1626459421,Q1,Q2,
2/16/2022 7:33:10,EU,512,1637518695,After Q2,After Q2,
2/16/2022 7:33:30,UK,256,1626456157,Q1,Q2,
2/16/2022 7:39:43,EU,256,1626455919,December,Q1,
2/16/2022 7:40:46,EU,256,1626456660,Q1,Q1,
2/16/2022 7:41:40,US,512,1627483570,Q2,After Q2,
2/16/2022 7:41:49,US,512,1626457292,Q1,Q2,
2/16/2022 7:43:12,US,64,1626463285,Q1,Q2,
2/16/2022 7:45:08,EU,256,1626730282,Q1,Q2,
2/16/2022 7:50:39,US,512,1626454991,December,Q1,
2/16/2022 7:51:34,UK,256,1628339740,Q2,After Q2,
2/16/2022 7:52:01,UK,64,1626653291,Q1,Q2,
2/16/2022 7:52:17,EU,512,1626459398,Q1,Q2,
2/16/2022 7:56:48,US,256,16264490400,Q2,After Q2,
2/16/2022 8:00:08,EU,512,1638370402,After Q2,After Q2,
2/16/2022 8:04:51,UK,512,1634043553,After Q2,After Q2,
2/16/2022 8:06:10,UK,256,1629885960,After Q2,After Q2,
2/16/2022 8:06:56,UK,512,1626456340,Q2,Q2,
2/16/2022 8:16:16,US,256,1626629520,Q2,After Q2,
2/16/2022 8:23:37,US,512,1626472800,Q2,After Q2,
2/16/2022 8:18:14,US,512,1626459415,Q2,After Q2,
2/16/2022 8:18:55,EU,256,1626507067,Q2,Q2,
2/16/2022 8:25:09,US,512,1630281599,After Q2,After Q2,
2/16/2022 8:27:24,EU,512,1626463273,Q1,Q2,
2/16/2022 8:28:48,US,256,1626459119,Q2,Q2,
2/16/2022 8:29:17,US,512,1626455254,Q2,Q2,
2/16/2022 8:30:43,US,64,1626456300,After Q2,Q2,
2/16/2022 8:38:35,EU,256,1626460480,Q1,Q2,
2/16/2022 8:42:02,US,512,1626455606,Q1,Q2,
2/16/2022 8:42:24,US,512,1644321653,After Q2,After Q2,
2/16/2022 8:43:59,US,512,1626455233,Q1,Q1,
2/16/2022 8:47:24,EU,512,1626455898,Q1,Q1,
2/16/2022 8:48:01,EU,512,1626941241,Q1,Q2,
2/16/2022 8:48:21,EU,256,1638112971,After Q2,After Q2,
2/16/2022 8:59:34,EU,512,1626455353,December,Q1,
2/16/2022 9:05:41,EU,512,1626514013,Q2,Q2,
2/16/2022 9:09:39,EU,512,1626456318,December,Q1,
2/16/2022 9:10:16,EU,512,1636804069,After Q2,After Q2,
2/16/2022 9:10:23,EU,512,1626501460,Q2,Q2,
2/16/2022 9:12:35,UK,256,1626458354,Q1,Q2,
2/16/2022 9:20:35,UK,256,1628354991,After Q2,After Q2,
2/16/2022 9:20:36,US,512,1626456609,Q2,Q2,
2/16/2022 9:28:29,US,512,1626455991,Q1,Q2,
2/16/2022 9:28:46,EU,256,1644273994,After Q2,After Q2,
2/16/2022 9:28:51,EU,512,1626780650,Q1,Q2,
2/16/2022 9:30:44,US,512,1626461451,Q2,After Q2,
2/16/2022 9:31:52,US,512,1626458956000,Q1,Q2,
2/16/2022 9:32:17,US,256,1633620664,After Q2,After Q2,
2/16/2022 9:35:15,EU,512,1630783153,After Q2,After Q2,
2/16/2022 9:46:41,EU,512,1626469464,Q1,Q2,
2/16/2022 9:48:13,EU,512,1626454975,December,Q1,
2/16/2022 9:50:10,US,512,1626650940,Q2,After Q2,
2/16/2022 9:53:56,US,512,1627174937,Q2,After Q2,
2/16/2022 9:54:01,US,512,1626455535,Q1,Q2,
2/16/2022 10:00:16,US,512,1634665740,Q1,Q2,
2/16/2022 10:05:35,US,256,1626514647,Q2,After Q2,
2/16/2022 10:13:18,US,512,1629376440,After Q2,After Q2,
2/16/2022 10:15:23,US,512,1634604360,After Q2,After Q2,
2/16/2022 10:21:23,EU,256,1626454985,,Q1,
2/16/2022 10:27:01,EU,512,1626454969,,Q2,
2/16/2022 10:32:13,EU,512,1633022524,,After Q2,
2/16/2022 10:41:31,EU,512,1626457859,Q1,Q2,
2/16/2022 10:53:55,EU,512,1626454888,December,Q1,
2/16/2022 10:59:50,EU,512,1626681740,Q1,Q2,
2/16/2022 11:19:42,US,512,1637190120,After Q2,After Q2,
2/16/2022 11:32:58,US,512,1626465269,After Q2,After Q2,
2/16/2022 11:45:32,EU,512,1644947434,Q2,After Q2,
2/16/2022 11:55:08,US,512,1626459060,Q1,Q2,
2/16/2022 11:58:15,US,256,1626550213,Q2,After Q2,
2/16/2022 12:04:48,EU,512,1626454981,December,Q1,
2/16/2022 12:39:22,US,256,1626455100,December,Q1,
2/16/2022 12:36:33,US,256,1626455090,December,Q1,
2/16/2022 12:47:48,EU,512,1626521164,Q2,Q2,
2/16/2022 12:55:42,US,512,1626457644,Q1,Q2,
2/16/2022 13:14:25,US,512,1644901200,After Q2,After Q2,
2/16/2022 13:21:57,US,256,1631508328,Q1,After Q2,
2/16/2022 13:24:12,US,512,1626469424,After Q2,After Q2,
2/16/2022 13:58:11,UK,512,1626454855,December,Q1,
2/16/2022 14:29:39,US,512,1627597260,After Q2,After Q2,
2/16/2022 14:46:57,US,512,1626457296,Q1,Q2,
2/16/2022 14:50:46,US,256,07162021215,Q1,Q2,
2/16/2022 15:10:48,EU,512,1626457278,,Q2,
2/16/2022 16:17:07,US,512,1626466086,Q1,After Q2,
2/16/2022 16:27:14,US,512,1626456145,Q2,Q2,
2/16/2022 16:58:20,EU,512,1626482460,Q1,Q2,
2/16/2022 16:58:33,UK,64,1626539571,December,After Q2,
2/16/2022 17:42:32,US,256,1626546884,After Q2,After Q2,
2/16/2022 18:25:47,US,512,1626455985,Q1,Q2,
2/16/2022 18:27:44,US,256,1626464709,Q2,Q2,
2/16/2022 18:31:11,US,512,1626456703,Q1,Q2,
2/16/2022 19:02:15,US,512,1626454814,December,Q1,
2/16/2022 19:02:34,EU,256,1626455566,December,Q1,
2/16/2022 19:41:47,US,512,1626464916,After Q2,After Q2,
2/16/2022 19:53:08,EU,512,1626457295,Q1,Q2,
2/16/2022 19:53:44,US,256,1626528165,Q1,Q2,
2/16/2022 20:06:00,EU,512,1626796840,Q2,After Q2,
2/16/2022 20:13:18,US,512,1626455995,Q1,Q2,
2/16/2022 20:16:00,US,512,1626480180,Q1,Q2,
2/16/2022 20:17:27,US,512,1644372968,After Q2,After Q2,
2/16/2022 20:50:47,US,512,1626460523,Q2,After Q2,
2/16/2022 20:54:36,US,256,1635375816,After Q2,After Q2,
2/16/2022 20:59:07,US,256,1626455520,Q1,Q2,
2/16/2022 21:15:13,US,256,1643486943,After Q2,After Q2,
2/16/2022 21:51:46,EU,512,1635536233,After Q2,After Q2,
2/16/2022 21:58:24,EU,256,1644609911,After Q2,After Q2,
2/16/2022 22:36:31,US,512,1626465365,,After Q2,
2/16/2022 23:04:40,US,256,1626462120,Q1,Q2,
2/16/2022 23:15:30,US,256,1626467425,Q1,Q2,
2/16/2022 23:16:29,US,256,1626488664,Q2,After Q2,
2/16/2022 23:24:01,US,256,1626455780,Q2,Q2,
2/16/2022 23:31:12,US,64,1642475644,After Q2,After Q2,
2/16/2022 23:58:19,US,256,1632784248,After Q2,After Q2,
2/17/2022 0:40:59,US,512,1644768821,After Q2,After Q2,
2/17/2022 0:51:03,US,512,1657991220,December,Q1,1657991220
2/17/2022 0:54:12,EU,64,1643972146,After Q2,After Q2,
2/17/2022 1:08:13,US,256,1626456519,Q1,Q2,
2/17/2022 1:37:33,US,256,1626462114,Q2,Q2,
2/17/2022 2:00:57,US,512,1626458738,Q1,Q2,
2/17/2022 2:38:05,EU,256,1636575952,After Q2,After Q2,
2/17/2022 2:53:08,US,512,1626466056,Q2,After Q2,
2/17/2022 3:15:56,EU,256,1632285722,After Q2,After Q2,
2/17/2022 3:21:56,UK,512,1626455250,Q1,Q2,
2/17/2022 3:34:13,US,512,1626482547,Q1,After Q2,
2/17/2022 3:37:36,US,512,1626458063,Q2,Q2,
2/17/2022 5:37:11,EU,512,1626458460,December,Q1,
2/17/2022 7:28:39,US,256,1626728649,Q2,After Q2,
2/17/2022 7:56:31,US,256,1626478289000,Q1,Q2,
2/17/2022 9:07:14,US,256,1626457277,Q1,Q2,
2/17/2022 9:50:22,US,256,1626455245,December,Q1,
2/17/2022 9:52:31,US,256,1626462824,Q1,Q2,
2/17/2022 9:58:10,EU,512,1626458065,Q1,Q2,
2/17/2022 10:04:18,US,512,1626461118,Q2,After Q2,
2/17/2022 10:16:09,EU,512,1626600366,Q1,Q2,
2/17/2022 10:33:38,US,256,1626912000,After Q2,After Q2,
2/17/2022 10:37:10,US,256,1626455479,Q1,Q1,
2/17/2022 10:44:14,US,256,1626462913,Q2,Q2,
2/17/2022 11:07:37,UK,256,1626894991,Q2,After Q2,
2/17/2022 11:19:32,US,256,1635093030,After Q2,After Q2,
2/17/2022 11:20:47,EU,512,1626455577,Q1,Q2,
2/17/2022 11:56:20,US,512,1628459315,Q2,After Q2,
2/17/2022 12:24:22,EU,256,1626476933,Q2,Q2,
2/17/2022 12:28:25,EU,256,1626477204,Q1,Q2,
2/17/2022 12:49:53,UK,512,1626456187,Q1,Q2,
2/17/2022 13:00:44,UK,64,1626459650,Q1,Q1,
2/17/2022 13:02:04,US,256,1626456516,Q1,Q2,
2/17/2022 13:09:11,UK,512,1626458790,Q2,After Q2,
2/17/2022 13:39:52,US,256,1626547120,Q2,After Q2,
2/17/2022 13:43:37,UK,512,1628872778,After Q2,After Q2,
2/17/2022 14:01:53,US,512,1626589720,,After Q2,
2/17/2022 14:13:24,US,64,1626457057,Q1,Q2,
2/17/2022 14:27:04,UK,64,1626463961,Q1,Q2,
2/17/2022 14:37:08,UK,64,1626603773000,Q2,Q2,
2/17/2022 15:01:08,US,256,1626457287,Q1,Q2,
2/17/2022 15:21:28,US,512,1631850547,After Q2,After Q2,
2/17/2022 15:26:23,US,256,1645046496,After Q2,After Q2,
2/17/2022 15:57:33,US,512,1626455069,December,Q1,
2/17/2022 16:24:37,US,64,1626476686,Q1,Q2,
2/17/2022 16:29:36,EU,256,1626472049,Q1,Q2,
2/17/2022 17:03:50,US,256,1641937029,After Q2,After Q2,
2/17/2022 17:31:57,US,512,1626455592,Q1,Q2,
2/17/2022 17:48:05,US,512,1626999127,After Q2,After Q2,
2/17/2022 17:52:25,UK,512,1626456340,Q1,Q2,
2/17/2022 19:14:26,US,512,1626528233,After Q2,After Q2,
2/17/2022 19:15:34,US,512,1629432281,After Q2,After Q2,
2/17/2022 19:22:40,US,512,1626455254,Q2,Q2,
2/17/2022 22:30:55,US,64,1626816376,December,After Q2,
2/17/2022 22:40:40,US,64,1628178724,After Q2,After Q2,
2/17/2022 23:02:04,US,512,1626560533,Q2,After Q2,
2/17/2022 23:24:58,US,512,1626455562,Q1,Q2,
2/18/2022 0:35:12,US,256,1634264700,Q2,Q2,
2/18/2022 0:41:50,US,256,1627702969,After Q2,After Q2,
2/18/2022 4:25:06,EU,256,1626455569,December,Q1,
2/18/2022 4:42:37,US,512,1627067696,Q2,After Q2,
2/18/2022 4:48:44,US,64,1627056893,After Q2,After Q2,
2/18/2022 4:59:26,EU,512,1626472608,Q1,Q2,
2/18/2022 7:29:53,EU,256,1626468060,Q1,Q2,
2/18/2022 9:47:50,EU,64,1626554069,Q1,Q2,
2/18/2022 10:06:17,US,256,1627085413,,After Q2,
2/18/2022 11:19:39,EU,512,1628359627,Q1,After Q2,
2/18/2022 11:23:20,US,512,1634666210,Q2,After Q2,
2/18/2022 11:24:32,US,512,1626455626,Q2,Q2,
2/18/2022 11:26:54,UK,256,1626460515,Q1,Q2,
2/18/2022 11:39:48,US,512,1626465600,Q2,After Q2,
2/18/2022 11:48:51,US,64,1626702544,Q2,After Q2,
2/18/2022 11:56:02,EU,256,1626459395,Q1,Q2,
2/18/2022 11:59:54,UK,256,1626459370,Q2,Q2,
2/18/2022 12:05:00,EU,512,1626466159,Q2,After Q2,
2/18/2022 12:17:40,US,512,1626456113,December,Q2,
2/18/2022 12:21:15,EU,512,1631987022,December,Q1,
2/18/2022 12:26:27,US,256,1626459095,Q1,Q2,
2/18/2022 12:28:24,UK,512,1626468306,After Q2,After Q2,
2/18/2022 12:39:00,UK,256,1626455517,Q1,Q2,
2/18/2022 12:48:49,EU,256,1626644733,Q2,Q2,
2/18/2022 12:54:33,US,64,1626460536,Q2,Q2,
2/18/2022 13:13:03,UK,64,1626478661,Q1,Q2,
2/18/2022 13:26:00,US,256,1626459893,Q2,Q2,
2/18/2022 13:27:18,US,512,1626459416,Q2,After Q2,
2/18/2022 13:45:59,US,512,1626456121,December,Q2,
2/18/2022 13:59:59,EU,512,1626457814,Q1,Q2,
2/18/2022 14:08:56,EU,256,1630019374,December,Q1,
2/18/2022 14:11:56,UK,256,1645214928,After Q2,After Q2,
2/18/2022 14:23:35,US,256,1626495305,Q2,Q2,
2/18/2022 14:24:48,US,512,1626459167,Q1,Q2,
2/18/2022 14:26:02,US,256,1626470082,Q1,Q2,
2/18/2022 14:26:09,UK,512,1643274223,After Q2,After Q2,
2/18/2022 14:36:00,US,256,1626459356,Q1,Q2,
2/18/2022 15:06:04,US,512,1626581346,Q2,After Q2,
2/18/2022 15:23:40,EU,256,1627077444,,Q2,
2/18/2022 15:25:27,EU,512,1626456513,,Q2,
2/18/2022 15:45:05,US,256,1626456166,December,Q2,
2/18/2022 15:49:07,US,512,1626463742,After Q2,After Q2,
2/18/2022 15:58:18,US,64,1626462605,Q2,Q2,
2/18/2022 16:01:49,EU,64,1628374168,After Q2,After Q2,
2/18/2022 16:03:01,US,256,1626462061,Q1,Q2,
2/18/2022 16:31:50,UK,512,1626483576,Q2,After Q2,
2/18/2022 16:35:26,EU,512,1628267333,After Q2,After Q2,
2/18/2022 17:00:12,UK,256,1626455193,December,Q1,
2/18/2022 17:47:11,US,256,1626662078,Q2,After Q2,
2/18/2022 18:26:52,US,512,1627156620,After Q2,After Q2,
2/18/2022 18:36:30,US,512,1626456966,Q1,Q2,
2/18/2022 18:40:14,UK,256,1626639894,After Q2,After Q2,
2/18/2022 19:04:14,US,64,1626498780,Q2,After Q2,
2/18/2022 19:05:39,US,512,1635282853,After Q2,After Q2,
2/18/2022 19:53:39,US,512,1626457293,Q1,Q2,
2/18/2022 20:13:52,US,256,1626458340000,Q1,Q2,
2/18/2022 20:42:50,EU,512,1626863700,Q1,Q2,
2/18/2022 20:49:35,US,512,1626460345,Q2,After Q2,
2/18/2022 20:50:35,US,256,1626455627,Q1,Q2,
2/18/2022 21:18:45,US,512,1626454823,December,Q1,
2/18/2022 21:59:07,US,64,1626573556,After Q2,After Q2,
2/18/2022 22:25:06,US,512,1641772800,After Q2,After Q2,
2/18/2022 22:41:32,EU,64,1626476416,December,Q1,
2/18/2022 22:42:09,EU,512,1626460558,Q1,Q2,
2/18/2022 22:51:55,US,512,1626464028,Q2,After Q2,
2/18/2022 23:10:42,US,64,1628371342,After Q2,After Q2,
2/18/2022 23:31:21,US,256,1626519480,Q2,After Q2,
2/19/2022 1:50:32,EU,512,1626603953,Q1,Q2,
2/19/2022 2:30:51,US,64,1626716549,After Q2,After Q2,
2/19/2022 3:29:38,US,256,1626487652,After Q2,After Q2,
2/19/2022 3:48:55,EU,512,1626470640,Q2,Q2,
2/19/2022 4:17:16,US,256,1626455894,Q1,Q2,
2/19/2022 5:03:03,US,256,1626466021,Q1,Q2,
2/19/2022 6:23:33,EU,512,1627511159,Q2,After Q2,
2/19/2022 6:29:54,UK,256,1643496075,After Q2,After Q2,
2/19/2022 6:44:26,EU,512,1626979201,Q1,Q2,
2/19/2022 7:00:23,US,256,1626459141,Q2,Q2,
2/19/2022 7:03:29,US,64,1626480445,Q2,Q2,
2/19/2022 8:29:41,US,256,1626569519,Q2,After Q2,
2/19/2022 8:37:28,US,512,1626733451,Q2,After Q2,
2/19/2022 10:04:33,US,512,1635651922,After Q2,After Q2,
2/19/2022 10:13:56,US,256,1626517740,After Q2,After Q2,
2/19/2022 11:52:14,EU,512,1626463788,Q1,Q2,
2/19/2022 11:59:51,EU,256,1626474822,,Q2,
2/19/2022 12:37:57,EU,64,1627230829,Q2,After Q2,
2/19/2022 13:43:58,US,256,1636550640,Q2,After Q2,
2/19/2022 13:52:17,EU,512,1626554852,Q1,Q2,
2/19/2022 14:10:37,UK,256,1626457283,Q2,Q2,
2/19/2022 14:14:17,US,512,1626466162,Q1,After Q2,
2/19/2022 15:13:56,US,512,1626527452,Q2,After Q2,
2/19/2022 15:49:19,US,256,1626454997,December,Q1,
2/19/2022 15:51:19,EU,512,1626471257,,Q2,
2/19/2022 17:17:28,US,64,1626463737,Q1,Q2,
2/19/2022 17:17:34,US,512,1626455907,December,Q2,
2/19/2022 18:21:25,EU,512,1626470198,Q1,Q2,
2/19/2022 18:44:08,US,512,1629861720,Q2,After Q2,
2/19/2022 18:50:17,US,512,1626468691,Q2,After Q2,
2/19/2022 20:24:53,US,512,1626461635,Q2,After Q2,
2/19/2022 21:51:36,US,512,1645285715,After Q2,After Q2,
2/19/2022 22:04:25,US,512,1623866749000,Q1,Q2,
2/19/2022 23:11:11,US,512,1626458384,Q1,Q2,
2/20/2022 1:19:49,US,512,1626455237,Q1,Q2,
2/20/2022 2:14:39,US,512,1626457800,Q1,Q2,
2/20/2022 2:41:10,EU,256,1626460424,Q1,Q2,
2/20/2022 3:45:35,US,512,1626756000,Q2,After Q2,
2/20/2022 4:11:09,EU,256,1628765584,Q2,Q2,
2/20/2022 4:19:20,US,256,1626481594,Q2,After Q2,
2/20/2022 5:36:11,EU,512,1626500383,Q1,Q2,
2/20/2022 5:40:24,EU,512,1645223254,After Q2,After Q2,
2/20/2022 6:28:31,EU,256,1626474080,Q1,Q2,
2/20/2022 8:36:18,EU,64,1626523116,Q1,Q2,
2/20/2022 10:27:12,US,256,1626455255,December,Q1,
2/20/2022 10:48:37,EU,256,1626459060,Q1,Q2,
2/20/2022 12:53:47,US,64,1645241237,After Q2,After Q2,
2/20/2022 13:02:53,EU,512,1626459426,Q1,Q2,
2/20/2022 15:38:24,EU,256,1626729101,Q2,Q2,
2/20/2022 16:26:14,US,64,1626460544,Q1,Q2,
2/20/2022 16:34:02,US,512,1626457295,December,Q2,
2/20/2022 16:59:35,EU,512,1626433620000,Q2,Q1,
2/20/2022 18:30:05,US,512,1626462818,Q2,After Q2,
2/20/2022 20:00:00,US,256,1626455127,December,Q1,
2/20/2022 22:12:01,US,256,1626508906,After Q2,After Q2,
2/20/2022 22:58:17,US,256,1641504434,Q2,Q2,
2/20/2022 23:28:58,US,256,1626455229,December,Q1,
2/21/2022 0:00:19,US,64,1627360774,Q2,After Q2,
2/21/2022 4:25:55,EU,512,1626764184,Q1,Q2,
2/21/2022 7:13:06,EU,512,1626455534,December,Q1,
2/21/2022 7:52:48,UK,512,1643274563,After Q2,After Q2,
2/21/2022 8:07:15,EU,256,1645031416,After Q2,After Q2,
2/21/2022 8:31:05,UK,512,1626862416,Q1,Q2,
2/21/2022 10:05:04,US,256,1626456635,Q1,Q2,
2/21/2022 10:29:49,UK,256,1626455249,Q1,Q1,
2/21/2022 10:54:23,US,512,1632016159,Q2,After Q2,
2/21/2022 11:04:00,EU,512,1626455083,December,Q1,
2/21/2022 12:07:14,US,256,1626475154,Q1,Q2,
2/21/2022 12:29:20,US,512,1626454845,Q1,Q1,
2/21/2022 13:07:26,US,512,1626456008,Q1,Q2,
2/21/2022 13:30:03,US,64,1626462818,Q1,Q2,
2/21/2022 13:40:28,US,256,1626462553,Q2,Q2,
2/21/2022 14:07:25,UK,256,1626460459,Q2,Q2,
2/21/2022 14:08:50,US,512,1633715719,Q2,After Q2,
2/21/2022 14:50:35,US,512,1626460575,After Q2,After Q2,
2/21/2022 14:52:02,EU,512,1626455383,December,Q1,
2/21/2022 15:19:07,EU,512,1644601406,Q2,,
2/21/2022 15:19:35,US,512,1626729043,Q2,After Q2,
2/21/2022 15:56:28,US,512,1626464510,Q2,After Q2,
2/21/2022 16:44:10,US,256,1626462807,Q1,Q2,
2/21/2022 17:52:00,US,512,1626901900,After Q2,After Q2,
2/21/2022 18:38:17,US,256,1626668983,Q2,After Q2,
2/21/2022 19:06:54,US,512,1626579687,Q2,After Q2,
2/22/2022 3:05:42,EU,512,1626461025,Q1,Q2,
2/22/2022 3:20:41,EU,256,1626456997,Q1,Q1,
2/22/2022 7:08:33,EU,64,1645534660,After Q2,After Q2,
2/22/2022 9:31:59,US,256,1643255986,After Q2,After Q2,
2/22/2022 9:57:21,EU,64,1644267406,After Q2,After Q2,
2/22/2022 10:20:17,EU,512,1626843762,Q1,Q2,
2/22/2022 10:22:11,US,256,1626455594,Q1,Q1,
2/22/2022 10:55:03,US,256,1626876330,Q2,After Q2,
2/22/2022 13:26:13,US,512,1639791779,After Q2,After Q2,
2/22/2022 14:24:53,US,256,1626608460,Q2,After Q2,
2/22/2022 15:40:26,US,512,1636654980,Q2,After Q2,
2/22/2022 22:57:33,US,256,1626570041,Q2,After Q2,
2/23/2022 1:01:47,US,512,1644942540,After Q2,After Q2,
2/23/2022 1:56:57,US,512,1645490717,After Q2,After Q2,
2/23/2022 2:57:55,US,256,1626457633,Q1,Q2,
2/23/2022 5:47:02,EU,512,1642528188,After Q2,After Q2,
2/25/2022 12:12:56,EU,64,1626455596,December,Q1,1645812300
2/23/2022 9:40:06,UK,512,1626458460,Q1,Q1,
2/23/2022 9:40:51,US,256,1626456717,Q1,Q2,
2/23/2022 9:43:13,UK,256,1626555448,Q2,After Q2,
2/23/2022 10:23:29,US,512,1626512823,December,After Q2,
2/23/2022 11:35:14,EU,512,1630873483,After Q2,After Q2,
2/23/2022 11:42:24,US,256,1626454936,December,Q1,
2/23/2022 13:09:01,US,256,1626455896,Q1,Q2,
2/23/2022 13:38:45,US,256,1626455748,Q1,Q2,
2/23/2022 15:03:17,UK,256,1626466680,Q1,Q2,
2/23/2022 15:37:58,US,512,1641670585,After Q2,After Q2,
2/23/2022 16:07:21,EU,256,1626632884,Q1,Q2,
2/24/2022 1:47:55,US,512,1633715759,After Q2,After Q2,
2/24/2022 3:41:01,UK,256,1626456177,Q1,Q2,
2/24/2022 5:14:25,UK,512,1628299354,Q2,After Q2,
2/24/2022 5:48:56,US,256,1642943891,After Q2,After Q2,
2/24/2022 6:02:05,EU,256,1626550751,Q1,Q2,
2/24/2022 6:25:45,UK,256,1627546828,Q2,After Q2,
2/24/2022 6:46:10,EU,512,1642130625,After Q2,After Q2,
2/24/2022 7:41:45,US,256,1626456171,Q1,Q2,
2/24/2022 10:17:31,UK,256,1626457056,Q1,Q2,
2/24/2022 10:21:10,EU,64,1626682553,Q2,Q2,
2/24/2022 10:30:51,EU,512,1626455570,December,Q1,
2/24/2022 11:07:55,US,512,1626459122,Q2,Q2,
2/24/2022 11:19:39,EU,256,1634301304,After Q2,After Q2,
2/24/2022 11:45:11,EU,256,1641936054,After Q2,After Q2,
2/24/2022 11:45:13,EU,256,1634914629,After Q2,After Q2,
2/24/2022 12:44:58,EU,512,1626456120,Q1,Q1,
2/24/2022 13:06:51,EU,512,1655417460,Q1,Q2,
2/24/2022 14:21:29,US,512,1633465084,Q2,After Q2,
2/24/2022 14:55:05,US,256,1657993260,Q1,Q2,
2/24/2022 15:37:08,US,64,1626473400,December,Q2,
2/24/2022 19:34:24,UK,64,1626470681,Q1,Q1,
2/24/2022 22:00:42,US,512,1626460529,Q2,After Q2,
2/25/2022 5:45:47,UK,256,1644315794,After Q2,After Q2,
2/25/2022 8:29:08,US,512,1628430585,After Q2,After Q2,
2/25/2022 8:48:50,US,256,1627405075,After Q2,After Q2,
2/25/2022 9:06:47,US,512,1626455225,Q1,Q1,
2/25/2022 9:56:09,US,256,1645804224,After Q2,After Q2,
2/25/2022 10:07:42,US,256,1626484953,Q2,After Q2,
2/25/2022 10:19:18,UK,512,1626456122,Q1,Q2,
2/25/2022 10:57:30,US,64,1626469188,Q1,Q2,
2/25/2022 11:32:39,UK,256,1643333964,After Q2,After Q2,
2/25/2022 12:08:32,EU,256,1626485030,December,Q2,
2/25/2022 12:27:40,US,256,1626454947,December,Q1,1645812420
2/25/2022 12:32:39,EU,512,1626455869,December,Q1,
2/25/2022 12:33:42,US,512,1626458601,Q1,Q2,
2/25/2022 12:41:59,US,64,1626454833,December,Q1,1645812223
2/25/2022 12:43:25,EU,512,1638546116,After Q2,After Q2,
2/25/2022 12:48:54,US,256,1626455244,December,Q1,
2/25/2022 12:49:40,UK,256,1626456195,Q1,Q2,
2/25/2022 13:18:07,US,256,1626459399,,Q2,
2/25/2022 13:01:02,US,512,1642275969,After Q2,After Q2,
2/25/2022 13:09:49,US,256,1626456520,December,Q2,
2/25/2022 13:40:32,US,256,1626455214,December,Q1,
2/25/2022 14:15:12,US,512,1626456986,Q1,Q2,
2/25/2022 14:17:49,US,512,1626460478,After Q2,After Q2,
2/25/2022 14:25:11,UK,256,1626456314,Q1,Q2,
2/25/2022 14:26:20,EU,256,1626460471,Q2,Q2,
2/25/2022 14:26:46,US,512,1626714468,Q2,After Q2,
2/25/2022 14:36:11,US,512,1626454863,December,Q1,
2/25/2022 14:36:19,UK,64,1644876635,After Q2,After Q2,
2/25/2022 14:40:26,US,512,1626459134,Q1,Q2,
2/25/2022 14:45:59,US,64,1626474070,Q2,After Q2,
2/25/2022 14:47:02,UK,512,1626696893,After Q2,After Q2,
2/25/2022 14:48:45,UK,256,1626455413,Q1,Q1,
2/25/2022 14:51:05,US,512,1633127297,After Q2,After Q2,
2/25/2022 14:51:07,US,512,1626454996,December,Q1,
2/25/2022 14:54:25,EU,512,1626462240,After Q2,After Q2,
2/25/2022 14:54:36,UK,256,1626467812,Q2,After Q2,
2/25/2022 14:55:15,EU,256,1626456229,December,Q1,
2/25/2022 14:57:51,EU,512,1626456331,December,Q1,
2/25/2022 15:04:31,US,512,1626456316,Q2,Q2,
2/25/2022 15:11:39,US,512,1626460373,After Q2,After Q2,
2/25/2022 15:12:22,US,256,1639293561,After Q2,After Q2,
2/25/2022 15:13:27,US,256,1626566256,Q2,After Q2,
2/25/2022 15:23:08,EU,256,1626459432,Q1,Q2,
2/25/2022 15:23:26,US,64,1626455372,December,Q1,
2/25/2022 15:25:45,US,512,1626456968,Q1,Q2,
2/25/2022 15:27:47,US,256,1626455615,Q1,Q1,
2/25/2022 15:28:06,US,256,1626455640,Q1,Q1,
2/25/2022 15:31:56,US,512,1626455250,Q1,Q2,
2/25/2022 15:33:17,EU,512,1626455892,Q1,Q1,
2/25/2022 15:34:38,EU,256,1626457672,Q1,Q1,
2/25/2022 15:34:47,US,512,1626454860,December,Q1,
2/25/2022 15:34:51,UK,64,1626478210,Q1,Q2,
2/25/2022 15:35:51,US,64,1626464780,Q1,Q2,
2/25/2022 15:36:00,UK,512,1626455100,Q1,Q1,
2/25/2022 15:36:15,US,512,1626455234,December,Q1,
2/25/2022 15:36:17,US,512,1626458420,Q1,Q2,
2/25/2022 15:36:18,EU,64,1626459376,December,Q1,
2/25/2022 15:37:18,EU,256,1626454997,December,Q1,
2/25/2022 15:38:11,US,512,1626463260,Q2,After Q2,
2/25/2022 15:38:32,UK,512,1626463356,Q2,After Q2,
2/25/2022 15:39:18,US,512,1626458585,Q1,Q2,
2/25/2022 15:39:53,EU,256,1626455240,December,Q1,
2/25/2022 15:40:02,EU,512,1626466547,Q1,Q2,
2/25/2022 15:43:26,EU,512,1626455295,December,Q1,
2/25/2022 15:43:28,EU,512,1629566199,Q2,After Q2,
2/25/2022 15:44:15,EU,512,1626457054,Q1,Q2,
2/25/2022 15:44:28,US,64,1626455768,December,Q1,
2/25/2022 15:44:29,US,256,1626455215,December,Q1,
2/25/2022 15:44:40,UK,512,1636580452,After Q2,After Q2,
2/25/2022 15:45:05,EU,512,1626455412,December,Q1,
2/25/2022 15:45:28,US,512,1626454853,December,Q1,1645856220
2/25/2022 15:47:00,US,256,1626545664,Q1,After Q2,
2/25/2022 17:07:32,US,512,1626455257,Q1,Q2,
2/25/2022 15:47:23,US,512,1626455235,December,Q1,
2/25/2022 15:49:35,EU,256,1626457068,Q1,Q1,
2/25/2022 15:49:55,US,64,1626459429,Q1,Q2,
2/25/2022 15:50:23,US,512,1626455230,Q1,Q1,
2/25/2022 15:50:26,US,64,1626455896,December,Q1,
2/25/2022 15:51:22,US,512,1626457281,Q1,Q2,
2/25/2022 15:51:37,US,512,1630023461,,After Q2,
2/25/2022 15:52:00,EU,256,1626459402,Q1,Q2,
2/25/2022 15:53:12,EU,512,1626464342,Q1,Q2,
2/25/2022 15:53:27,US,256,1626455407,Q1,Q1,
2/25/2022 15:53:31,US,512,1626455379,Q1,Q2,
2/25/2022 15:54:42,US,64,1626473886,Q1,Q2,
2/25/2022 15:57:52,US,256,1626472430,Q2,Q2,
2/25/2022 15:57:53,US,256,1626455228,December,Q1,
2/25/2022 15:57:53,US,256,1626783571,Q2,After Q2,
2/25/2022 15:58:04,US,512,1626454856,December,Q1,
2/25/2022 16:00:05,US,512,1626457280,Q1,Q2,
2/25/2022 16:00:41,US,256,1626455273,Q1,Q1,
2/25/2022 16:01:42,EU,64,1626463905,December,Q1,
2/25/2022 16:02:17,US,512,1626454855,December,Q1,
2/25/2022 16:02:47,US,256,1626455105,December,Q1,
2/25/2022 16:06:32,UK,256,1626455282,December,Q1,
2/25/2022 16:07:17,EU,512,1626841078,December,Q2,
2/25/2022 16:10:41,EU,256,1636927673,After Q2,After Q2,
2/25/2022 16:10:52,US,512,1626455997,Q1,Q2,
2/25/2022 16:12:32,UK,256,1626455625,Q2,Q2,
2/25/2022 16:12:58,EU,64,1626458725,December,Q1,
2/25/2022 16:14:35,US,512,1626455231,Q1,Q1,
2/25/2022 16:15:50,UK,512,1626454854,December,Q1,1645813257
2/25/2022 16:16:42,EU,64,1626474839,December,Q1,
2/25/2022 16:24:25,US,512,1626537840,After Q2,After Q2,
2/25/2022 16:25:38,US,512,1626455200,December,Q1,
2/25/2022 16:27:14,US,256,1626468983,Q2,Q2,
2/25/2022 16:33:17,US,256,1626456133,December,Q2,
2/25/2022 16:34:45,EU,256,1626454999,December,Q1,1645816140
2/25/2022 16:38:38,US,256,1626457049,Q1,Q2,
2/25/2022 16:41:00,US,64,1628287263,After Q2,After Q2,
2/25/2022 16:45:06,US,512,1626455512,Q1,Q2,
2/25/2022 16:46:17,US,512,1645829047,Q2,After Q2,
2/25/2022 16:46:25,US,256,1626456104,Q1,Q2,
2/25/2022 16:46:36,EU,256,1626456169,December,Q1,
2/25/2022 16:56:15,US,512,1657991622,Q1,Q2,
2/25/2022 16:56:42,US,256,1626459108,December,Q2,
2/25/2022 16:58:51,EU,512,1626454813,December,Q1,1645813260
2/25/2022 17:03:18,US,512,1643533553,After Q2,After Q2,
2/25/2022 17:04:33,US,512,1626459124,Q2,Q2,
2/25/2022 17:08:45,US,256,1626455569,Q1,Q1,