Timestamp,Where did you reserve your Steam Deck?,Which model did you reserve?,What is your timestamp?,What is your estimate?,What is your estimate?
19/01/2022 21:47:34,EU,512,1626454813,December,Q1
19/01/2022 22:09:08,EU,512,1626454813,December,Q1
19/01/2022 22:43:20,EU,512,1626454813,December,Q1
19/01/2022 22:44:40,EU,512,1626454813,December,Q1
19/01/2022 23:06:27,EU,512,1626454813,December,Q1
19/01/2022 23:32:03,US,512,1626454813,December,Q1
20/01/2022 02:02:20,UK,512,1626454813,December,Q1
20/01/2022 04:54:24,US,256,1626454813,December,Q1
21/01/2022 09:00:08,US,512,1626454813,December,Q1
03/02/2022 06:09:04,US,512,1626454813,December,Q1
05/02/2022 04:43:16,EU,256,1626454813,December,Q1
19/01/2022 22:04:24,EU,512,1626454814,December,Q1
20/01/2022 03:30:16,UK,512,1626454814,December,Q1
20/01/2022 19:38:50,US,512,1626454814,December,Q1
20/01/2022 06:09:41,US,512,1626454815,December,Q1
20/01/2022 15:55:38,US,512,1626454815,December,Q1
20/01/2022 07:15:12,US,512,1626454816,December,Q1
20/01/2022 05:55:59,US,512,1626454818,December,Q1
20/01/2022 00:21:47,US,512,1626454822,December,Q1
20/01/2022 00:03:15,US,256,1626454823,December,Q1
20/01/2022 00:56:08,US,512,1626454823,December,Q1
20/01/2022 01:24:58,US,512,1626454823,December,Q1
19/01/2022 23:38:50,US,512,1626454825,December,Q1
20/01/2022 19:54:30,US,512,1626454825,December,Q1
20/01/2022 03:09:27,US,512,1626454826,December,Q1
20/01/2022 09:07:15,EU,256,1626454826,December,Q1
20/01/2022 08:36:21,EU,256,1626454827,December,Q1
19/01/2022 22:15:17,US,512,1626454830,December,Q1
20/01/2022 01:35:43,US,256,1626454830,December,Q1
04/02/2022 18:22:49,US,256,1626454830,December,Q1
31/01/2022 06:54:29,UK,512,1626454833,December,Q1
20/01/2022 03:45:40,US,512,1626454835,December,Q1
20/01/2022 22:43:32,US,512,1626454835,December,Q1
03/02/2022 06:12:38,US,512,1626454835,December,Q1
19/01/2022 23:28:31,US,512,1626454836,December,Q1
19/01/2022 23:02:05,US,256,1626454837,December,Q1
20/01/2022 06:32:58,US,256,1626454837,December,Q1
20/01/2022 16:04:16,US,256,1626454838,December,Q1
21/01/2022 01:14:49,UK,256,1626454838,December,Q1
11/02/2022 18:34:44,US,512,1626454839,December,Q1
21/01/2022 06:03:37,US,512,1626454845,December,Q1
20/01/2022 01:58:42,US,512,1626454846,December,Q1
20/01/2022 20:06:40,US,512,1626454850,December,Q1
19/01/2022 21:54:54,US,512,1626454851,December,Q1
04/02/2022 18:47:58,US,512,1626454851,December,Q1
20/01/2022 18:22:22,US,256,1626454852,December,Q1
06/02/2022 11:41:36,US,256,1626454852,December,Q1
20/01/2022 19:42:58,US,512,1626454853,December,Q1
21/01/2022 15:31:59,EU,256,1626454853,December,Q1
19/01/2022 21:48:06,EU,512,1626454854,December,Q1
19/01/2022 22:34:46,US,512,1626454854,December,Q1
20/01/2022 02:22:17,UK,512,1626454854,December,Q1
20/01/2022 16:08:34,UK,64,1626454854,December,Q1
20/01/2022 07:13:42,UK,512,1626454855,December,Q1
20/01/2022 16:53:17,US,512,1626454855,December,Q1
04/02/2022 18:49:09,US,64,1626454855,December,Q1
07/02/2022 17:00:11,EU,512,1626454855,December,Q1
19/01/2022 22:42:28,US,512,1626454856,December,Q1
19/01/2022 23:51:19,US,512,1626454856,December,Q1
20/01/2022 03:18:04,US,512,1626454856,December,Q1
19/01/2022 23:20:10,UK,256,1626454857,December,Q1
20/01/2022 14:41:03,UK,512,1626454857,December,Q1
07/02/2022 13:52:28,UK,512,1626454858,December,Q1
20/01/2022 12:56:32,EU,512,1626454859,December,Q1
04/02/2022 15:09:37,US,512,1626454863,Q1,Q2
20/01/2022 08:12:06,EU,256,1626454879,December,Q1
19/01/2022 23:21:18,US,512,1626454884,December,Q1
19/01/2022 22:51:07,US,512,1626454915,December,Q1
20/01/2022 20:06:21,EU,256,1626454920,December,Q1
24/01/2022 04:35:29,US,512,1626454944,December,Q1
20/01/2022 17:56:41,US,256,1626454947,December,Q1
19/01/2022 21:54:01,US,512,1626454953,December,Q1
21/01/2022 03:03:36,UK,512,1626454957,December,Q1
20/01/2022 05:24:54,US,64,1626454969,December,Q1
04/02/2022 12:27:48,EU,64,1626454969,December,Q1
20/01/2022 16:19:40,US,256,1626454970,December,Q1
22/01/2022 00:58:23,EU,256,1626454970,December,Q1
20/01/2022 18:10:22,US,512,1626454973,December,Q1
20/01/2022 01:42:27,US,64,1626454974,December,Q1
20/01/2022 21:38:32,US,512,1626454976,December,Q1
20/01/2022 03:25:46,US,512,1626454979,December,Q1
20/01/2022 11:50:58,UK,256,1626454979,December,Q1
06/02/2022 19:10:35,US,256,1626454979,December,Q1
11/02/2022 19:19:12,US,256,1626454980,December,Q1
20/01/2022 07:11:42,EU,512,1626454981,December,Q1
20/01/2022 19:16:29,EU,64,1626454982,December,Q1
19/01/2022 22:12:23,EU,512,1626454983,December,Q1
04/02/2022 15:30:46,EU,64,1626454983,December,Q1
19/01/2022 22:48:26,UK,256,1626454985,December,Q1
20/01/2022 09:45:59,EU,512,1626454986,December,Q1
20/01/2022 22:59:11,EU,256,1626454986,December,Q1
19/01/2022 23:06:39,UK,512,1626454987,December,Q1
19/01/2022 23:07:54,UK,512,1626454987,December,Q1
31/01/2022 19:37:09,UK,512,1626454989,December,Q1
23/01/2022 08:24:30,US,64,1626454990,December,Q1
19/01/2022 23:08:50,UK,512,1626454991,December,Q1
04/02/2022 12:45:17,EU,512,1626454993,December,Q1
04/02/2022 12:46:20,EU,512,1626454993,December,Q1
19/01/2022 22:39:00,US,512,1626454994,December,Q1
19/01/2022 22:05:19,UK,512,1626454995,December,Q1
20/01/2022 00:12:03,US,512,1626454995,December,Q1
20/01/2022 00:33:01,US,256,1626454995,December,Q1
20/01/2022 10:11:25,US,512,1626454995,December,Q1
21/01/2022 00:21:56,US,512,1626454995,December,Q1
05/02/2022 04:33:19,US,256,1626454995,December,Q1
20/01/2022 11:14:15,EU,512,1626454996,December,Q1
20/01/2022 22:06:36,US,256,1626454996,December,Q1
23/01/2022 14:47:54,UK,512,1626454996,December,Q1
20/01/2022 02:05:59,US,256,1626454997,December,Q1
20/01/2022 06:25:24,US,512,1626454997,December,Q1
20/01/2022 09:18:39,US,256,1626454997,December,Q1
04/02/2022 23:20:08,US,256,1626454997,December,Q1
20/01/2022 00:02:58,US,512,1626454999,December,Q1
10/02/2022 17:55:19,EU,256,1626454999,December,Q1
19/01/2022 23:25:30,UK,512,1626455001,December,Q1
20/01/2022 05:18:59,US,512,1626455001,December,Q1
21/01/2022 08:43:25,UK,256,1626455001,December,Q1
20/01/2022 11:42:54,UK,256,1626455002,December,Q1
20/01/2022 10:40:21,EU,512,1626455066,December,Q1
19/01/2022 22:31:12,US,512,1626455069,December,Q1
19/01/2022 22:18:43,US,512,1626455071,December,Q1
19/01/2022 22:45:20,US,256,1626455077,December,Q1
20/01/2022 20:53:23,US,512,1626455077,December,Q1
20/01/2022 15:44:59,UK,512,1626455078,Q1,Q1
20/01/2022 12:55:15,EU,512,1626455079,Q1,Q1
21/01/2022 20:50:38,UK,512,1626455079,December,Q1
20/01/2022 03:43:04,EU,512,1626455080,December,Q1
21/01/2022 19:34:08,UK,512,1626455088,Q1,Q1
19/01/2022 22:30:28,UK,512,1626455104,Q1,Q1
20/01/2022 05:59:06,US,512,1626455107,December,Q1
20/01/2022 01:36:30,US,512,1626455113,December,Q1
21/01/2022 12:20:22,EU,256,1626455131,December,Q1
19/01/2022 23:00:28,EU,512,1626455164,December,Q1
20/01/2022 17:36:01,EU,512,1626455166,December,Q1
20/01/2022 05:52:58,US,512,1626455170,December,Q1
20/01/2022 19:14:27,EU,512,1626455191,December,Q1
19/01/2022 22:53:24,US,256,1626455194,December,Q1
20/01/2022 20:03:45,US,256,1626455202,December,Q1
20/01/2022 10:20:10,US,512,1626455203,December,Q1
04/02/2022 13:38:56,EU,512,1626455208,December,Q1
19/01/2022 22:46:47,UK,256,1626455209,December,Q1
21/01/2022 01:45:33,US,512,1626455209,December,Q1
21/01/2022 04:03:31,US,512,1626455212,December,Q1
20/01/2022 16:24:42,US,64,1626455213,December,Q1
21/01/2022 08:24:10,UK,512,1626455213,Q1,Q1
20/01/2022 05:31:34,US,512,1626455215,December,Q1
04/02/2022 20:53:41,US,64,1626455215,December,Q1
19/01/2022 23:05:20,US,256,1626455216,December,Q1
20/01/2022 00:30:12,US,256,1626455216,December,Q1
20/01/2022 04:32:21,US,256,1626455216,December,Q1
20/01/2022 17:47:27,US,512,1626455216,December,Q1
19/01/2022 23:59:48,US,256,1626455217,December,Q1
20/01/2022 03:16:14,US,512,1626455217,December,Q1
20/01/2022 10:13:39,US,512,1626455218,Q1,Q1
20/01/2022 18:59:09,US,512,1626455218,Q1,Q1
20/01/2022 19:00:39,US,512,1626455218,Q1,Q1
20/01/2022 14:50:27,US,256,1626455220,December,Q1
21/01/2022 00:16:51,EU,512,1626455220,December,Q1
20/01/2022 02:07:47,US,256,1626455221,December,Q1
20/01/2022 03:02:15,US,512,1626455221,December,Q1
20/01/2022 16:14:36,US,256,1626455221,December,Q1
21/01/2022 01:21:34,US,512,1626455221,Q1,Q1
19/01/2022 23:37:34,US,512,1626455222,Q1,Q1
20/01/2022 00:02:25,EU,512,1626455222,December,Q1
20/01/2022 04:32:12,UK,512,1626455222,Q1,Q2
20/01/2022 17:50:39,US,512,1626455222,Q1,Q1
21/01/2022 02:43:47,US,256,1626455222,December,Q1
19/01/2022 22:10:29,US,512,1626455223,December,Q1
20/01/2022 07:23:22,US,256,1626455223,December,Q1
20/01/2022 08:36:07,US,512,1626455223,Q1,Q1
21/01/2022 17:46:19,EU,512,1626455223,December,Q1
20/01/2022 00:55:46,US,512,1626455224,Q1,Q1
20/01/2022 04:20:07,US,512,1626455224,December,Q1
20/01/2022 15:40:28,EU,256,1626455224,December,Q1
20/01/2022 15:46:00,US,512,1626455224,December,Q1
09/02/2022 21:06:16,US,512,1626455224,Q1,Q1
20/01/2022 20:31:52,US,512,1626455225,Q1,Q1
21/01/2022 16:10:54,US,256,1626455225,December,Q1
07/02/2022 21:33:39,US,256,1626455225,December,Q1
20/01/2022 18:13:32,US,512,1626455227,Q1,Q1
20/01/2022 21:15:55,US,512,1626455230,Q1,Q1
19/01/2022 23:01:41,US,512,1626455231,Q1,Q1
20/01/2022 00:55:16,UK,256,1626455231,December,Q1
20/01/2022 17:02:55,US,256,1626455231,December,Q1
20/01/2022 18:41:52,US,512,1626455232,Q1,Q1
21/01/2022 13:57:14,US,256,1626455233,December,Q1
19/01/2022 23:36:35,US,512,1626455234,Q1,Q1
20/01/2022 00:03:29,US,64,1626455235,December,Q1
04/02/2022 19:50:14,US,512,1626455235,Q1,Q1
20/01/2022 01:05:29,US,512,1626455236,Q1,Q2
20/01/2022 11:06:31,EU,256,1626455237,December,Q1
20/01/2022 01:34:03,US,512,1626455239,Q1,Q2
20/01/2022 02:33:25,US,256,1626455239,December,Q1
20/01/2022 23:17:50,US,512,1626455239,Q2,Q2
04/02/2022 23:14:13,US,512,1626455242,Q2,Q2
19/01/2022 23:12:42,EU,256,1626455243,December,Q1
19/01/2022 22:13:22,US,256,1626455244,December,Q1
20/01/2022 02:09:50,US,256,1626455247,December,Q1
20/01/2022 22:26:05,EU,512,1626455247,Q1,Q2
19/01/2022 23:12:25,US,512,1626455248,Q1,Q2
21/01/2022 01:14:06,US,256,1626455248,December,Q1
26/01/2022 05:17:16,US,256,1626455248,December,Q1
05/02/2022 02:05:02,US,512,1626455248,Q1,Q2
05/02/2022 04:59:33,US,512,1626455248,Q2,Q2
19/01/2022 23:57:06,UK,64,1626455249,December,Q1
22/01/2022 05:31:34,US,256,1626455249,December,Q1
20/01/2022 01:31:15,US,256,1626455251,December,Q1
20/01/2022 03:45:29,US,256,1626455252,December,Q1
20/01/2022 01:52:46,US,512,1626455253,Q1,Q2
03/02/2022 07:43:06,US,256,1626455253,December,Q1
19/01/2022 22:27:14,US,256,1626455254,December,Q1
19/01/2022 23:15:17,US,256,1626455254,December,Q1
20/01/2022 07:01:09,US,512,1626455254,Q1,Q2
20/01/2022 04:15:52,US,512,1626455257,Q1,Q2
20/01/2022 01:45:47,US,512,1626455266,Q1,Q2
20/01/2022 07:22:11,US,512,1626455266,Q1,Q2
20/01/2022 15:56:49,US,256,1626455266,December,Q1
20/01/2022 12:43:55,US,64,1626455269,December,Q1
21/01/2022 04:40:57,US,512,1626455269,Q1,Q2
19/01/2022 22:19:36,US,256,1626455273,Q1,Q1
20/01/2022 05:50:30,US,512,1626455274,Q1,Q2
20/01/2022 00:14:26,US,256,1626455278,Q1,Q1
09/02/2022 19:02:39,EU,256,1626455278,December,Q1
20/01/2022 06:34:58,US,256,1626455281,Q1,Q1
21/01/2022 03:29:19,US,512,1626455282,Q1,Q2
04/02/2022 17:17:22,US,512,1626455282,Q1,Q2
20/01/2022 02:06:28,US,512,1626455284,Q1,Q2
20/01/2022 05:55:50,US,512,1626455285,Q1,Q2
20/01/2022 07:18:26,US,512,1626455285,Q1,Q2
22/01/2022 22:37:17,US,256,1626455285,Q1,Q1
20/01/2022 00:49:09,US,64,1626455293,December,Q1
06/02/2022 02:03:39,US,512,1626455293,Q1,Q2
20/01/2022 01:03:42,US,512,1626455294,Q1,Q2
20/01/2022 04:22:04,EU,512,1626455295,December,Q1
20/01/2022 14:47:39,EU,256,1626455334,December,Q1
20/01/2022 21:42:41,US,256,1626455341,December,Q1
19/01/2022 22:37:55,US,512,1626455365,Q1,Q2
20/01/2022 01:10:18,US,512,1626455365,Q1,Q2
20/01/2022 16:15:48,UK,512,1626455365,Q1,Q2
19/01/2022 22:12:25,EU,512,1626455384,December,Q1
05/02/2022 14:46:29,EU,256,1626455386,December,Q1
19/01/2022 23:55:03,US,512,1626455390,Q1,Q2
19/01/2022 22:38:39,US,512,1626455391,Q1,Q2
20/01/2022 02:25:38,US,512,1626455391,Q1,Q2
27/01/2022 00:23:52,US,256,1626455395,Q1,Q1
20/01/2022 00:54:29,EU,512,1626455397,December,Q1
11/02/2022 18:50:47,EU,512,1626455399,December,Q1
20/01/2022 02:12:49,EU,512,1626455407,December,Q1
20/01/2022 09:33:40,UK,256,1626455413,Q1,Q1
20/01/2022 00:43:34,US,256,1626455414,Q1,Q1
22/01/2022 04:14:43,US,256,1626455415,December,Q1
23/01/2022 05:54:06,US,512,1626455428,Q2,Q2
20/01/2022 02:45:02,UK,256,1626455430,December,Q1
20/01/2022 05:35:46,US,512,1626455435,Q1,Q2
20/01/2022 18:51:17,UK,512,1626455442,Q1,Q2
20/01/2022 11:38:11,EU,512,1626455443,December,Q1
03/02/2022 01:47:32,US,512,1626455467,Q1,Q2
20/01/2022 02:48:28,US,512,1626455481,Q1,Q2
20/01/2022 01:30:52,US,512,1626455482,Q1,Q2
19/01/2022 23:44:52,US,512,1626455492,Q1,Q2
20/01/2022 04:54:39,US,512,1626455493,Q1,Q2
20/01/2022 08:52:28,US,64,1626455493,December,Q1
20/01/2022 11:31:02,EU,512,1626455500,December,Q1
20/01/2022 01:35:22,US,64,1626455508,December,Q1
20/01/2022 23:27:41,US,256,1626455510,Q1,Q1
20/01/2022 15:58:24,EU,512,1626455511,December,Q1
02/02/2022 22:42:19,US,512,1626455511,Q1,Q2
20/01/2022 06:03:25,US,256,1626455514,Q1,Q1
20/01/2022 15:51:48,EU,512,1626455520,December,Q1
04/02/2022 22:21:43,UK,256,1626455521,Q1,Q2
21/01/2022 04:09:19,US,512,1626455526,Q1,Q2
20/01/2022 06:37:48,US,256,1626455527,Q1,Q1
20/01/2022 16:52:47,US,512,1626455532,Q1,Q2
20/01/2022 12:32:33,EU,512,1626455534,Q1,Q2
19/01/2022 23:58:54,US,256,1626455535,Q1,Q1
20/01/2022 14:16:52,EU,512,1626455535,December,Q1
20/01/2022 16:44:09,EU,512,1626455537,December,Q1
19/01/2022 22:27:22,EU,512,1626455540,December,Q1
20/01/2022 21:08:47,EU,256,1626455543,December,Q1
21/01/2022 14:33:03,US,64,1626455543,December,Q1
20/01/2022 21:11:40,US,512,1626455544,Q1,Q2
21/01/2022 00:00:25,UK,256,1626455545,Q2,Q2
30/01/2022 00:26:30,US,512,1626455545,Q1,Q2
20/01/2022 06:11:41,US,512,1626455546,Q1,Q2
20/01/2022 18:56:32,EU,512,1626455546,December,Q1
20/01/2022 17:07:49,US,512,1626455547,Q1,Q2
19/01/2022 22:54:31,EU,512,1626455553,December,Q1
20/01/2022 12:16:25,EU,512,1626455554,December,Q1
07/02/2022 15:37:06,EU,256,1626455555,December,Q1
19/01/2022 23:26:39,EU,256,1626455558,December,Q1
19/01/2022 22:07:00,US,256,1626455560,Q1,Q1
20/01/2022 02:16:14,US,256,1626455563,Q1,Q1
20/01/2022 17:51:24,US,64,1626455563,December,Q1
21/01/2022 01:33:45,EU,256,1626455563,December,Q1
21/01/2022 20:37:21,EU,512,1626455564,December,Q1
19/01/2022 22:26:02,EU,256,1626455566,December,Q1
19/01/2022 23:16:39,EU,512,1626455567,December,Q1
20/01/2022 12:09:25,US,512,1626455569,Q1,Q2
20/01/2022 02:10:45,US,64,1626455571,December,Q1
20/01/2022 02:07:21,EU,512,1626455572,December,Q1
19/01/2022 22:11:42,US,512,1626455574,Q1,Q2
27/01/2022 02:50:27,US,256,1626455575,Q1,Q1
20/01/2022 04:37:35,US,512,1626455576,Q1,Q2
19/01/2022 23:19:59,EU,256,1626455577,December,Q1
19/01/2022 23:28:45,UK,512,1626455580,Q1,Q2
20/01/2022 12:54:52,EU,512,1626455586,December,Q1
20/01/2022 16:23:31,UK,64,1626455587,December,Q1
22/01/2022 21:02:15,EU,64,1626455589,December,Q1
20/01/2022 19:30:49,US,512,1626455590,Q1,Q2
20/01/2022 00:15:44,US,256,1626455592,Q1,Q1
20/01/2022 15:57:46,US,512,1626455593,Q1,Q2
20/01/2022 22:18:56,EU,256,1626455593,December,Q1
20/01/2022 09:14:00,EU,256,1626455594,December,Q1
21/01/2022 16:51:43,US,256,1626455594,Q1,Q1
19/01/2022 22:57:30,UK,512,1626455597,Q1,Q2
20/01/2022 17:42:03,EU,256,1626455597,December,Q1
20/01/2022 19:40:15,US,256,1626455598,Q1,Q1
20/01/2022 06:19:58,US,256,1626455600,Q1,Q1
26/01/2022 01:46:51,US,256,1626455600,Q1,Q1
04/02/2022 12:14:39,EU,512,1626455600,December,Q1
20/01/2022 08:32:27,EU,512,1626455601,December,Q1
20/01/2022 12:34:27,US,512,1626455602,Q1,Q2
20/01/2022 01:19:43,US,512,1626455603,Q1,Q2
19/01/2022 21:51:34,EU,512,1626455605,December,Q1
20/01/2022 06:57:04,US,512,1626455605,Q1,Q2
20/01/2022 04:57:17,US,256,1626455608,Q1,Q1
20/01/2022 00:25:42,US,512,1626455615,Q1,Q2
04/02/2022 16:41:14,UK,512,1626455616,Q1,Q2
04/02/2022 15:54:42,US,512,1626455625,Q1,Q2
20/01/2022 14:58:34,US,512,1626455627,Q1,Q2
20/01/2022 17:37:43,US,256,1626455628,Q1,Q2
20/01/2022 01:49:46,UK,512,1626455632,Q1,Q2
20/01/2022 08:58:30,EU,512,1626455633,December,Q1
19/01/2022 22:25:34,US,512,1626455638,Q1,Q2
05/02/2022 16:33:01,US,256,1626455645,Q1,Q2
20/01/2022 02:04:32,EU,64,1626455647,December,Q1
20/01/2022 07:08:38,US,512,1626455651,Q1,Q2
20/01/2022 12:48:17,EU,512,1626455651,December,Q1
20/01/2022 02:31:46,US,256,1626455656,Q2,Q2
20/01/2022 09:31:46,UK,64,1626455658,December,Q1
20/01/2022 02:50:58,US,512,1626455660,Q2,Q2
21/01/2022 02:11:09,US,256,1626455660,Q1,Q2
20/01/2022 00:38:30,UK,64,1626455662,December,Q1
21/01/2022 12:12:19,US,512,1626455666,Q2,Q2
20/01/2022 01:13:37,US,64,1626455672,December,Q1
20/01/2022 18:38:52,US,512,1626455672,Q1,Q2
09/02/2022 10:46:00,US,512,1626455672,Q2,Q2
20/01/2022 20:06:03,US,512,1626455673,Q1,Q2
19/01/2022 23:34:10,US,512,1626455678,Q1,Q2
09/02/2022 14:56:45,US,256,1626455679,Q1,Q2
09/02/2022 10:34:25,EU,512,1626455687,December,Q1
05/02/2022 01:22:34,US,512,1626455691,Q1,Q2
20/01/2022 10:38:58,EU,512,1626455699,December,Q1
20/01/2022 03:11:39,US,512,1626455706,Q1,Q2
20/01/2022 19:55:29,UK,512,1626455708,Q1,Q2
20/01/2022 09:34:11,EU,256,1626455711,Q1,Q2
22/01/2022 23:07:52,US,512,1626455713,Q1,Q2
06/02/2022 11:15:45,US,512,1626455715,Q1,Q2
21/01/2022 02:30:37,US,256,1626455726,Q1,Q2
19/01/2022 23:57:20,US,64,1626455732,December,Q1
20/01/2022 19:35:11,US,256,1626455732,Q1,Q2
20/01/2022 01:51:37,US,512,1626455741,Q1,Q2
20/01/2022 20:15:37,US,512,1626455747,Q1,Q2
19/01/2022 21:57:46,UK,256,1626455750,Q1,Q2
20/01/2022 07:24:58,US,256,1626455751,Q1,Q2
20/01/2022 11:11:41,EU,256,1626455753,December,Q1
04/02/2022 18:20:15,US,512,1626455754,December,Q1
20/01/2022 06:29:40,EU,256,1626455756,December,Q1
20/01/2022 19:01:17,EU,256,1626455756,December,Q1
20/01/2022 07:23:05,US,512,1626455758,Q1,Q2
20/01/2022 18:47:58,US,256,1626455758,Q1,Q2
20/01/2022 16:46:04,UK,64,1626455759,December,Q1
21/01/2022 00:13:50,US,256,1626455759,Q2,Q2
19/01/2022 22:31:25,UK,256,1626455760,Q1,Q2
04/02/2022 23:00:57,UK,512,1626455761,Q1,Q2
19/01/2022 23:01:27,US,64,1626455763,December,Q1
19/01/2022 23:43:08,US,256,1626455763,Q1,Q2
20/01/2022 12:57:37,US,512,1626455763,Q1,Q2
20/01/2022 16:52:37,US,512,1626455764,Q1,Q2
20/01/2022 17:20:33,EU,512,1626455765,Q1,Q1
11/02/2022 19:14:27,US,64,1626455766,December,Q1
21/01/2022 09:02:24,EU,512,1626455767,Q1,Q1
19/01/2022 23:42:28,US,64,1626455768,December,Q1
04/02/2022 15:22:29,US,256,1626455770,Q1,Q2
21/01/2022 18:40:23,EU,512,1626455771,Q1,Q1
20/01/2022 04:20:02,US,512,1626455780,Q1,Q2
19/01/2022 21:58:16,US,64,1626455786,December,Q1
20/01/2022 07:43:46,EU,512,1626455788,Q1,Q1
04/02/2022 18:11:50,UK,512,1626455798,Q2,Q2
26/01/2022 00:50:36,US,512,1626455827,Q1,Q2
21/01/2022 18:41:34,EU,256,1626455837,December,Q1
19/01/2022 23:06:57,EU,256,1626455848,December,Q1
21/01/2022 04:14:02,US,512,1626455856,Q1,Q2
20/01/2022 03:50:23,US,512,1626455869,Q1,Q2
20/01/2022 03:36:39,US,256,1626455870,Q1,Q2
20/01/2022 16:55:16,US,256,1626455870,Q1,Q2
06/02/2022 17:44:13,US,256,1626455877,Q1,Q2
20/01/2022 01:41:58,US,512,1626455879,Q1,Q2
20/01/2022 18:16:26,US,512,1626455879,Q2,Q2
20/01/2022 19:57:54,UK,512,1626455881,Q1,Q2
19/01/2022 22:43:11,EU,256,1626455888,December,Q1
20/01/2022 16:01:36,US,512,1626455890,Q1,Q2
19/01/2022 22:51:17,UK,256,1626455891,Q1,Q2
20/01/2022 02:16:04,US,64,1626455891,December,Q1
20/01/2022 05:41:19,US,512,1626455892,Q2,Q2
20/01/2022 20:08:34,US,512,1626455892,Q1,Q2
20/01/2022 03:08:17,UK,256,1626455894,Q2,Q2
19/01/2022 22:09:01,US,512,1626455895,Q1,Q2
19/01/2022 23:16:30,EU,256,1626455898,December,Q1
20/01/2022 09:04:29,US,256,1626455899,Q1,Q2
20/01/2022 16:22:26,UK,512,1626455899,Q1,Q2
20/01/2022 01:57:26,UK,512,1626455900,Q1,Q2
07/02/2022 13:28:10,US,512,1626455900,Q1,Q2
20/01/2022 06:23:37,US,256,1626455903,Q1,Q2
20/01/2022 10:58:57,EU,256,1626455903,December,Q1
20/01/2022 16:12:18,EU,256,1626455905,December,Q1
19/01/2022 22:25:56,US,512,1626455908,Q1,Q2
20/01/2022 18:32:07,EU,256,1626455910,December,Q1
19/01/2022 22:57:04,UK,512,1626455914,Q1,Q2
20/01/2022 07:47:34,US,512,1626455914,Q1,Q2
20/01/2022 01:56:47,US,256,1626455916,Q2,Q2
20/01/2022 11:33:58,UK,512,1626455919,Q2,Q2
20/01/2022 11:19:31,UK,512,1626455920,Q1,Q2
20/01/2022 01:42:19,US,64,1626455921,December,Q1
24/01/2022 23:19:52,UK,64,1626455921,Q1,Q1
20/01/2022 18:38:01,EU,64,1626455950,December,Q1
07/02/2022 14:02:40,EU,512,1626455953,Q1,Q1
20/01/2022 07:18:58,US,512,1626455969,Q2,Q2
20/01/2022 19:15:00,US,512,1626455974,Q1,Q2
21/01/2022 02:14:21,US,256,1626455977,Q1,Q2
21/01/2022 06:23:17,US,256,1626455982,Q1,Q2
19/01/2022 23:19:08,EU,256,1626455985,December,Q1
19/01/2022 22:39:07,US,512,1626455986,Q1,Q2
19/01/2022 22:47:59,UK,64,1626455987,Q1,Q1
24/01/2022 02:31:49,US,64,1626455990,December,Q1
20/01/2022 00:28:26,EU,256,1626455991,December,Q1
20/01/2022 16:38:12,US,512,1626455991,Q1,Q2
20/01/2022 03:57:27,US,512,1626455993,Q1,Q2
20/01/2022 10:43:21,UK,256,1626455993,Q1,Q2
19/01/2022 23:58:27,UK,256,1626455996,Q1,Q2
21/01/2022 04:57:33,US,512,1626456003,Q1,Q2
20/01/2022 16:46:19,US,64,1626456008,December,Q1
20/01/2022 01:09:58,EU,256,1626456014,December,Q1
21/01/2022 05:22:05,US,256,1626456018,Q1,Q2
20/01/2022 08:51:05,EU,512,1626456027,Q1,Q1
19/01/2022 23:00:50,US,512,1626456108,Q1,Q2
05/02/2022 06:12:19,US,512,1626456114,Q1,Q2
20/01/2022 00:29:54,US,64,1626456117,Q1,Q1
21/01/2022 14:12:31,US,256,1626456121,Q1,Q2
20/01/2022 11:09:29,UK,512,1626456122,Q1,Q2
21/01/2022 03:02:08,US,512,1626456131,Q1,Q2
19/01/2022 22:04:24,UK,512,1626456137,Q1,Q2
20/01/2022 14:15:05,EU,512,1626456138,Q2,Q2
20/01/2022 17:28:58,US,512,1626456142,Q1,Q2
19/01/2022 22:46:26,EU,256,1626456143,December,Q1
20/01/2022 05:06:00,US,512,1626456143,Q1,Q2
20/01/2022 18:22:13,US,256,1626456144,Q1,Q2
27/01/2022 06:25:33,US,512,1626456148,Q2,Q2
20/01/2022 18:46:57,EU,512,1626456156,December,Q1
20/01/2022 08:57:39,US,256,1626456157,Q1,Q2
20/01/2022 09:09:47,UK,512,1626456158,Q1,Q2
20/01/2022 18:52:51,US,512,1626456164,Q2,Q2
20/01/2022 16:13:36,UK,512,1626456176,Q1,Q2
21/01/2022 06:55:10,US,512,1626456181,Q1,Q2
20/01/2022 16:48:57,US,64,1626456182,Q1,Q1
20/01/2022 08:56:25,EU,256,1626456186,December,Q1
19/01/2022 22:30:44,US,256,1626456191,Q1,Q2
19/01/2022 22:52:04,US,512,1626456191,Q1,Q2
20/01/2022 03:00:52,US,512,1626456192,Q1,Q2
20/01/2022 18:15:48,US,512,1626456193,Q1,Q2
20/01/2022 11:57:32,US,512,1626456196,Q1,Q2
20/01/2022 19:12:22,EU,256,1626456196,December,Q1
05/02/2022 04:55:19,US,512,1626456216,Q2,Q2
20/01/2022 06:19:28,US,512,1626456310,Q1,Q2
20/01/2022 16:00:26,US,256,1626456310,Q1,Q2
20/01/2022 02:09:53,US,512,1626456315,Q1,Q2
20/01/2022 03:24:32,US,512,1626456317,Q1,Q2
20/01/2022 08:29:34,US,512,1626456319,Q1,Q2
21/01/2022 04:50:41,US,256,1626456320,Q1,Q2
19/01/2022 23:06:13,UK,512,1626456325,Q1,Q2
20/01/2022 16:47:04,US,512,1626456330,Q2,After Q2
19/01/2022 23:54:19,EU,256,1626456331,December,Q1
20/01/2022 03:00:45,US,512,1626456333,Q1,Q2
20/01/2022 16:39:08,EU,512,1626456334,Q1,Q1
20/01/2022 01:53:32,EU,512,1626456335,Q1,Q1
20/01/2022 01:56:54,US,256,1626456335,Q1,Q2
20/01/2022 20:34:38,US,256,1626456335,Q1,Q2
21/01/2022 11:12:54,US,512,1626456335,Q1,Q2
22/01/2022 14:07:14,UK,64,1626456335,December,Q1
20/01/2022 05:49:28,US,512,1626456336,Q1,Q2
07/02/2022 14:38:03,US,512,1626456346,Q2,Q2
21/01/2022 03:09:14,US,512,1626456353,Q1,Q2
21/01/2022 02:38:04,US,512,1626456463,Q2,Q2
20/01/2022 02:53:45,US,256,1626456516,Q1,Q2
19/01/2022 23:44:45,EU,256,1626456517,Q1,Q1
11/02/2022 18:40:21,EU,512,1626456517,Q1,Q2
05/02/2022 12:02:45,EU,512,1626456518,Q1,Q2
21/01/2022 01:05:29,US,512,1626456519,Q1,Q2
21/01/2022 22:35:40,EU,512,1626456520,Q2,Q2
09/02/2022 17:09:47,US,512,1626456520,Q1,Q2
20/01/2022 10:16:46,UK,512,1626456525,Q1,Q2
20/01/2022 10:21:11,EU,512,1626456528,Q1,Q2
19/01/2022 22:34:38,US,64,1626456568,Q1,Q2
04/02/2022 17:18:10,US,256,1626456568,Q2,Q2
31/01/2022 19:58:31,US,512,1626456584,Q1,Q2
04/02/2022 21:03:25,EU,512,1626456585,Q1,Q2
07/02/2022 07:24:52,US,512,1626456592,Q1,Q2
07/02/2022 07:25:52,US,512,1626456592,Q1,Q2
09/02/2022 21:40:32,US,64,1626456600,Q1,Q2
20/01/2022 02:41:38,UK,256,1626456604,Q1,Q2
21/01/2022 18:00:01,EU,64,1626456639,December,Q1
20/01/2022 03:11:25,US,256,1626456658,Q1,Q2
19/01/2022 22:11:23,EU,256,1626456699,Q1,Q1
20/01/2022 19:17:43,UK,512,1626456699,Q1,Q2
09/02/2022 20:37:56,US,64,1626456702,Q1,Q2
20/01/2022 02:16:54,US,256,1626456709,Q1,Q2
20/01/2022 16:21:16,US,512,1626456711,Q1,Q2
20/01/2022 19:22:29,US,256,1626456712,Q1,Q2
24/01/2022 01:25:07,US,512,1626456713,Q1,Q2
20/01/2022 18:16:06,US,256,1626456777,Q1,Q2
20/01/2022 20:35:14,US,256,1626456834,Q1,Q2
08/02/2022 15:38:19,US,256,1626456942,Q2,Q2
20/01/2022 02:08:44,US,512,1626456945,Q1,Q2
19/01/2022 23:03:43,US,512,1626456946,Q2,Q2
20/01/2022 02:06:58,UK,512,1626456953,Q1,Q2
20/01/2022 20:12:44,EU,512,1626456955,Q1,Q2
20/01/2022 15:47:22,EU,256,1626456957,Q1,Q1
21/01/2022 08:45:26,US,512,1626456959,Q1,Q2
05/02/2022 01:16:35,US,256,1626456961,Q2,Q2
20/01/2022 03:34:32,US,64,1626456962,Q1,Q2
20/01/2022 20:20:44,EU,512,1626456967,Q1,Q2
22/01/2022 18:57:18,US,256,1626456968,Q1,Q2
20/01/2022 11:29:16,EU,256,1626456973,Q1,Q1
04/02/2022 17:49:54,US,512,1626456978,Q1,Q2
20/01/2022 08:00:30,UK,512,1626456984,Q1,Q2
24/01/2022 14:37:57,US,512,1626456986,Q2,Q2
19/01/2022 22:38:26,US,512,1626456987,Q1,Q2
20/01/2022 15:19:45,US,64,1626456988,Q2,After Q2
04/02/2022 19:29:23,US,512,1626457033,Q1,Q2
20/01/2022 19:07:46,EU,512,1626457045,Q1,Q2
05/02/2022 04:26:08,US,64,1626457046,Q1,Q2
21/01/2022 01:32:30,US,256,1626457052,Q1,Q2
20/01/2022 10:52:43,UK,512,1626457055,Q1,Q2
20/01/2022 11:49:03,UK,512,1626457055,Q1,Q2
20/01/2022 20:41:51,US,64,1626457056,Q1,Q2
04/02/2022 23:24:31,UK,256,1626457058,Q1,Q2
20/01/2022 07:54:04,EU,512,1626457061,Q1,Q2
07/02/2022 00:27:32,EU,512,1626457062,Q1,Q2
04/02/2022 21:26:48,US,512,1626457238,Q1,Q2
23/01/2022 01:40:26,US,512,1626457278,Q1,Q2
19/01/2022 22:43:46,US,512,1626457279,Q1,Q2
20/01/2022 12:38:14,UK,256,1626457280,Q2,Q2
24/01/2022 09:57:35,UK,512,1626457281,Q1,Q2
20/01/2022 01:25:38,US,512,1626457282,Q1,Q2
20/01/2022 01:25:47,US,512,1626457282,Q1,Q2
20/01/2022 06:02:22,US,256,1626457283,Q2,Q2
20/01/2022 17:03:22,UK,512,1626457283,Q1,Q2
19/01/2022 22:38:23,US,512,1626457284,Q1,Q2
20/01/2022 00:10:46,EU,512,1626457286,Q1,Q2
20/01/2022 21:53:33,UK,512,1626457287,Q1,Q2
04/02/2022 18:19:07,UK,512,1626457287,Q1,Q2
19/01/2022 22:35:07,EU,512,1626457290,Q1,Q2
20/01/2022 01:01:35,US,512,1626457290,Q1,Q2
19/01/2022 23:46:20,US,256,1626457291,Q1,Q2
20/01/2022 03:21:05,US,512,1626457291,Q1,Q2
20/01/2022 16:36:40,US,256,1626457292,Q1,Q2
20/01/2022 16:41:01,US,256,1626457292,Q1,Q2
03/02/2022 06:15:47,US,512,1626457292,Q2,Q2
20/01/2022 02:05:38,US,256,1626457293,Q1,Q2
20/01/2022 03:48:01,UK,512,1626457293,Q1,Q2
20/01/2022 04:13:42,US,512,1626457294,Q1,Q2
20/01/2022 17:48:35,US,512,1626457294,Q2,Q2
21/01/2022 08:27:48,US,64,1626457295,Q2,Q2
20/01/2022 12:09:29,EU,256,1626457296,December,Q1
04/02/2022 21:53:51,US,512,1626457296,Q1,Q2
19/01/2022 22:55:10,US,512,1626457297,Q1,Q2
21/01/2022 18:04:36,US,512,1626457298,Q1,Q2
30/01/2022 15:10:08,EU,512,1626457300,Q1,Q2
04/02/2022 12:50:42,EU,256,1626457301,Q2,Q2
20/01/2022 10:35:25,US,512,1626457303,Q1,Q2
19/01/2022 22:38:46,UK,256,1626457304,Q1,Q2
19/01/2022 23:22:13,EU,256,1626457329,Q1,Q1
19/01/2022 23:45:32,US,512,1626457522,Q1,Q2
05/02/2022 08:00:14,EU,512,1626457569,Q2,Q2
20/01/2022 22:50:15,US,512,1626457593,Q2,Q2
04/02/2022 18:19:00,US,64,1626457629,Q1,Q2
04/02/2022 15:53:30,UK,64,1626457630,Q1,Q2
20/01/2022 22:45:44,US,512,1626457631,Q1,Q2
19/01/2022 23:09:33,US,512,1626457632,Q1,Q2
20/01/2022 03:34:51,US,256,1626457633,Q1,Q2
20/01/2022 08:26:17,US,512,1626457634,Q2,Q2
22/01/2022 23:04:40,US,256,1626457634,Q1,Q2
19/01/2022 22:14:05,EU,512,1626457652,Q1,Q2
20/01/2022 18:49:51,EU,256,1626457652,Q1,Q1
04/02/2022 12:09:56,UK,64,1626457653,Q1,Q2
21/01/2022 00:30:12,US,64,1626457657,Q1,Q2
20/01/2022 06:53:34,US,512,1626457659,Q1,Q2
19/01/2022 23:48:44,US,512,1626457662,Q1,Q2
19/01/2022 22:04:24,EU,512,1626457664,Q1,Q2
19/01/2022 22:08:50,US,512,1626457670,Q2,Q2
19/01/2022 23:00:58,US,64,1626457670,Q1,Q2
20/01/2022 00:15:07,UK,512,1626457670,Q2,After Q2
20/01/2022 00:38:46,US,256,1626457675,Q1,Q2
20/01/2022 02:49:16,US,512,1626457678,Q1,Q2
19/01/2022 21:54:25,EU,512,1626457721,Q1,Q2
19/01/2022 23:21:08,US,512,1626457811,Q1,Q2
20/01/2022 12:42:34,EU,512,1626457822,Q1,Q2
20/01/2022 21:28:41,US,256,1626457829,Q1,Q2
19/01/2022 23:27:25,US,256,1626457839,Q1,Q2
20/01/2022 02:11:39,US,512,1626457845,Q1,Q2
20/01/2022 20:34:57,US,64,1626457849,Q1,Q2
19/01/2022 22:17:59,EU,512,1626457875,Q1,Q2
23/01/2022 11:22:57,EU,256,1626457879,Q1,Q2
20/01/2022 03:17:19,US,512,1626457883,Q1,Q2
20/01/2022 01:55:05,US,512,1626457915,Q1,Q2
20/01/2022 11:53:42,EU,512,1626458033,Q1,Q2
04/02/2022 20:24:53,US,512,1626458063,Q2,Q2
20/01/2022 02:13:37,US,64,1626458064,Q1,Q2
20/01/2022 02:30:34,US,256,1626458071,Q1,Q2
09/02/2022 17:42:04,US,512,1626458106,Q1,Q2
21/01/2022 11:47:26,EU,256,1626458150,Q2,Q2
09/02/2022 09:25:11,US,512,1626458151,Q1,Q2
20/01/2022 13:00:26,US,512,1626458173,Q1,Q2
04/02/2022 17:38:11,US,256,1626458183,Q1,Q2
20/01/2022 16:14:05,US,512,1626458347,Q1,Q2
20/01/2022 06:28:42,US,512,1626458355,Q1,Q2
20/01/2022 00:18:55,US,256,1626458382,Q1,Q2
20/01/2022 08:15:16,US,512,1626458383,Q1,Q2
27/01/2022 07:37:46,US,512,1626458391,Q1,Q2
22/01/2022 23:05:36,US,256,1626458393,Q1,Q2
19/01/2022 22:16:47,EU,512,1626458411,Q1,Q2
20/01/2022 07:49:25,US,512,1626458411,Q1,Q2
21/01/2022 00:46:15,EU,512,1626458411,Q1,Q2
21/01/2022 05:19:20,US,512,1626458413,Q2,Q2
07/02/2022 16:59:35,US,256,1626458416,Q1,Q2
05/02/2022 05:12:30,US,256,1626458423,Q2,Q2
20/01/2022 05:35:21,US,512,1626458427,Q1,Q2
19/01/2022 23:49:01,EU,64,1626458575,Q1,Q2
19/01/2022 23:28:49,UK,256,1626458576,Q1,Q2
05/02/2022 06:34:41,US,512,1626458586,Q2,Q2
20/01/2022 17:58:01,US,512,1626458597,Q1,Q2
20/01/2022 21:43:18,US,512,1626458602,Q1,Q2
19/01/2022 23:52:35,EU,512,1626458631,Q1,Q2
19/01/2022 23:08:18,EU,512,1626458632,Q1,Q2
05/02/2022 06:10:09,US,512,1626458715,Q2,Q2
20/01/2022 02:02:23,US,256,1626458717,Q1,Q2
19/01/2022 22:41:42,US,64,1626458722,Q1,Q2
20/01/2022 18:15:50,US,256,1626458722,Q1,Q2
20/01/2022 02:20:58,UK,256,1626458723,Q1,Q2
20/01/2022 17:00:17,EU,64,1626458725,December,Q1
25/01/2022 09:05:02,US,512,1626458726,Q1,Q2
20/01/2022 00:27:37,US,256,1626458730,Q1,Q2
20/01/2022 18:16:29,UK,512,1626458731,Q2,After Q2
20/01/2022 07:53:01,US,256,1626458732,Q1,Q2
20/01/2022 20:28:29,US,256,1626458732,Q1,Q2
19/01/2022 22:23:28,US,512,1626458734,Q1,Q2
20/01/2022 01:29:19,US,512,1626458734,Q2,Q2
22/01/2022 20:06:47,EU,512,1626458734,Q1,Q2
20/01/2022 19:57:12,EU,256,1626458739,Q1,Q2
31/01/2022 19:13:48,US,64,1626458739,Q1,Q2
19/01/2022 22:42:32,US,256,1626458740,Q1,Q2
20/01/2022 05:25:33,US,512,1626458740,Q1,Q2
20/01/2022 11:28:04,UK,256,1626458741,Q1,Q2
04/02/2022 21:40:12,US,512,1626458741,Q2,Q2
19/01/2022 22:58:13,US,256,1626458744,Q1,Q2
20/01/2022 02:38:59,US,256,1626458744,Q1,Q2
20/01/2022 17:55:04,US,512,1626458745,Q1,Q2
20/01/2022 05:05:11,US,512,1626458746,Q1,Q2
19/01/2022 23:01:31,UK,64,1626458792,Q1,Q2
04/02/2022 22:29:01,US,512,1626458873,Q1,Q2
20/01/2022 18:49:05,US,512,1626458900,Q1,Q2
19/01/2022 22:15:04,EU,512,1626459008,Q1,Q2
20/01/2022 11:46:27,US,512,1626459099,Q2,Q2
20/01/2022 11:19:46,EU,256,1626459100,Q1,Q2
04/02/2022 23:46:08,US,512,1626459101,Q1,Q2
22/01/2022 21:41:07,EU,256,1626459103,Q1,Q2
20/01/2022 19:03:22,US,512,1626459104,Q1,Q2
20/01/2022 12:26:42,US,512,1626459112,Q1,Q2
20/01/2022 15:47:29,US,512,1626459119,Q1,Q2
20/01/2022 04:58:42,US,512,1626459122,Q1,Q2
21/01/2022 02:36:33,US,512,1626459123,Q1,Q2
20/01/2022 09:27:45,UK,512,1626459125,Q2,After Q2
20/01/2022 03:22:25,UK,256,1626459126,Q1,Q2
21/01/2022 10:41:22,US,512,1626459127,Q1,Q2
20/01/2022 05:58:33,UK,256,1626459129,Q1,Q2
20/01/2022 10:59:02,EU,64,1626459129,December,Q1
20/01/2022 15:05:43,US,256,1626459130,Q1,Q2
25/01/2022 00:50:01,US,512,1626459131,Q1,Q2
20/01/2022 18:55:14,US,256,1626459132,Q2,Q2
20/01/2022 08:10:16,UK,256,1626459133,Q2,Q2
20/01/2022 11:36:56,UK,512,1626459133,Q2,After Q2
20/01/2022 09:35:18,US,256,1626459135,Q1,Q2
20/01/2022 04:01:12,US,512,1626459137,Q1,Q2
20/01/2022 05:34:56,EU,512,1626459137,Q1,Q2
21/01/2022 03:19:54,US,512,1626459138,Q1,Q2
31/01/2022 17:30:48,EU,512,1626459139,Q1,Q2
20/01/2022 15:37:22,US,512,1626459140,Q1,Q2
20/01/2022 12:38:42,EU,512,1626459142,Q1,Q2
05/02/2022 02:24:36,US,512,1626459157,Q2,Q2
21/01/2022 05:00:54,US,512,1626459370,Q1,Q2
19/01/2022 23:15:40,US,512,1626459374,Q1,Q2
20/01/2022 13:05:21,EU,64,1626459376,December,Q1
20/01/2022 22:43:00,US,256,1626459377,Q1,Q2
20/01/2022 16:00:08,US,512,1626459378,Q2,Q2
07/02/2022 01:44:17,EU,256,1626459378,December,Q1
19/01/2022 22:31:55,EU,512,1626459379,Q1,Q2
21/01/2022 10:42:18,EU,512,1626459380,Q2,After Q2
20/01/2022 07:27:10,US,64,1626459381,Q1,Q2
20/01/2022 13:04:10,EU,512,1626459381,Q1,Q2
09/02/2022 15:53:59,US,256,1626459381,Q1,Q2
20/01/2022 06:43:23,US,256,1626459388,Q1,Q2
04/02/2022 17:50:47,US,512,1626459390,Q2,Q2
20/01/2022 03:07:37,EU,512,1626459391,Q1,Q2
20/01/2022 23:54:30,US,64,1626459396,Q1,Q2
05/02/2022 11:01:38,EU,512,1626459398,Q1,Q2
06/02/2022 00:43:27,US,256,1626459400,Q1,Q2
20/01/2022 09:41:21,EU,512,1626459401,Q1,Q2
19/01/2022 22:05:09,UK,256,1626459404,Q1,Q2
20/01/2022 09:18:22,UK,256,1626459404,Q1,Q2
20/01/2022 19:35:13,US,512,1626459406,Q2,After Q2
19/01/2022 23:42:39,EU,512,1626459408,Q1,Q2
09/02/2022 17:18:15,US,512,1626459408,Q2,After Q2
19/01/2022 22:25:45,EU,512,1626459411,Q2,Q2
20/01/2022 03:15:29,US,256,1626459418,Q1,Q2
04/02/2022 23:51:40,UK,512,1626459418,Q2,After Q2
05/02/2022 06:34:38,US,256,1626459420,Q2,Q2
20/01/2022 09:00:22,US,256,1626459422,Q1,Q2
20/01/2022 22:01:22,US,256,1626459422,Q1,Q2
20/01/2022 00:59:58,EU,64,1626459423,December,Q1
20/01/2022 12:47:25,US,512,1626459424,Q2,Q2
20/01/2022 15:23:45,EU,256,1626459425,Q2,Q2
20/01/2022 22:03:55,US,256,1626459426,Q1,Q2
20/01/2022 22:33:52,UK,256,1626459426,Q2,Q2
19/01/2022 22:17:29,EU,256,1626459432,Q1,Q2
20/01/2022 05:37:40,US,512,1626459432,Q2,After Q2
20/01/2022 21:20:38,EU,64,1626459432,December,Q1
21/01/2022 14:33:19,EU,512,1626459439,Q1,Q2
20/01/2022 04:03:51,EU,512,1626459447,Q2,Q2
21/01/2022 01:03:39,UK,256,1626459451,Q1,Q2
19/01/2022 23:48:37,US,512,1626459861,Q2,After Q2
20/01/2022 17:18:45,US,512,1626459882,Q2,After Q2
20/01/2022 22:21:09,US,512,1626459900,Q2,After Q2
20/01/2022 23:10:19,US,512,1626459907,After Q2,After Q2
20/01/2022 19:52:01,EU,512,1626459909,Q1,Q2
20/01/2022 06:23:09,EU,512,1626459910,Q1,Q2
24/01/2022 20:07:48,US,64,1626460049,Q1,Q2
20/01/2022 14:39:26,US,256,1626460050,Q1,Q2
20/01/2022 02:30:46,US,512,1626460053,Q2,After Q2
20/01/2022 00:37:54,US,256,1626460057,Q1,Q2
20/01/2022 05:50:52,EU,256,1626460187,Q1,Q2
20/01/2022 17:20:18,US,256,1626460343,Q2,Q2
20/01/2022 16:28:54,US,256,1626460344,Q1,Q2
20/01/2022 20:10:35,US,256,1626460344,Q1,Q2
19/01/2022 22:54:46,EU,64,1626460353,December,Q1
20/01/2022 04:41:31,US,256,1626460356,Q1,Q2
20/01/2022 02:40:03,US,64,1626460397,Q1,Q1
20/01/2022 10:26:27,EU,256,1626460440,Q1,Q2
20/01/2022 20:34:13,US,512,1626460449,Q2,After Q2
20/01/2022 11:02:39,EU,512,1626460475,Q1,Q2
08/02/2022 22:03:57,EU,64,1626460475,December,Q1
19/01/2022 23:18:53,US,512,1626460478,After Q2,After Q2
20/01/2022 11:08:10,EU,256,1626460480,Q1,Q2
20/01/2022 17:36:32,US,512,1626460480,Q2,Q2
22/01/2022 19:36:19,EU,256,1626460509,Q1,Q2
20/01/2022 20:33:25,US,64,1626460515,Q1,Q2
22/01/2022 16:10:01,EU,256,1626460515,Q1,Q2
21/01/2022 00:14:41,US,256,1626460518,Q1,Q2
20/01/2022 04:09:34,US,64,1626460521,Q1,Q2
20/01/2022 05:30:51,US,256,1626460522,Q1,Q2
20/01/2022 13:36:56,EU,512,1626460522,Q1,Q2
20/01/2022 03:55:01,US,256,1626460563,Q1,Q2
19/01/2022 22:08:19,UK,512,1626460582,Q2,After Q2
20/01/2022 17:15:15,US,512,1626460582,Q2,After Q2
20/01/2022 03:24:16,US,64,1626460628,Q1,Q2
19/01/2022 23:15:12,EU,512,1626460636,Q1,Q2
20/01/2022 20:46:23,EU,256,1626460811,Q1,Q2
20/01/2022 20:25:29,US,64,1626460883,Q2,Q2
20/01/2022 07:31:58,EU,256,1626460956,Q1,Q2
02/02/2022 21:12:09,US,512,1626461075,After Q2,After Q2
04/02/2022 21:08:10,US,256,1626461092,Q1,Q2
19/01/2022 23:26:33,EU,256,1626461113,Q1,Q2
20/01/2022 09:14:42,EU,512,1626461118,Q2,Q2
20/01/2022 16:37:48,US,512,1626461143,Q2,After Q2
20/01/2022 20:02:33,EU,64,1626461145,December,Q1
21/01/2022 13:13:37,EU,512,1626461219,Q2,Q2
20/01/2022 15:36:11,UK,512,1626461383,Q2,After Q2
20/01/2022 02:39:21,US,256,1626461424,Q1,Q2
20/01/2022 19:38:44,US,512,1626461424,Q2,After Q2
09/02/2022 14:06:17,EU,256,1626461430,Q2,Q2
09/02/2022 20:10:35,US,256,1626461434,Q1,Q2
20/01/2022 05:32:26,US,256,1626461643,Q2,Q2
19/01/2022 23:51:00,US,512,1626461649,Q2,After Q2
20/01/2022 16:28:22,US,512,1626461650,Q2,After Q2
20/01/2022 02:27:45,US,256,1626461658,Q1,Q2
19/01/2022 23:59:00,US,512,1626461722,Q2,After Q2
22/01/2022 05:48:15,US,512,1626461762,Q2,After Q2
21/01/2022 01:00:46,US,64,1626461795,Q1,Q2
26/01/2022 21:57:33,EU,256,1626461813,Q1,Q2
20/01/2022 04:03:26,US,256,1626461958,Q1,Q2
20/01/2022 05:22:36,US,256,1626461982,Q1,Q2
19/01/2022 23:15:20,EU,256,1626462017,Q1,Q2
20/01/2022 15:35:28,EU,64,1626462023,Q2,Q2
20/01/2022 03:30:37,US,256,1626462058,Q2,After Q2
20/01/2022 09:10:57,US,256,1626462086,Q1,Q2
20/01/2022 20:01:43,EU,512,1626462090,Q1,Q2
08/02/2022 22:01:00,EU,512,1626462096,Q1,Q2
20/01/2022 12:58:45,EU,256,1626462113,Q1,Q2
05/02/2022 00:50:49,US,256,1626462124,Q1,Q2
20/01/2022 04:12:52,US,64,1626462132,Q2,Q2
04/02/2022 13:45:45,EU,512,1626462306,Q1,Q2
20/01/2022 17:33:51,UK,512,1626462347,Q2,After Q2
20/01/2022 01:56:10,UK,512,1626462353,Q2,After Q2
22/01/2022 21:56:08,EU,512,1626462373,Q1,Q2
20/01/2022 04:03:04,US,512,1626462513,Q2,After Q2
19/01/2022 23:35:04,US,512,1626462595,Q2,After Q2
21/01/2022 05:30:34,US,256,1626462598,Q1,Q2
20/01/2022 00:50:11,US,512,1626462626,Q2,After Q2
20/01/2022 03:53:28,US,512,1626462782,Q2,After Q2
20/01/2022 18:20:52,EU,64,1626462806,December,Q1
21/01/2022 19:09:08,EU,512,1626462811,Q1,Q2
20/01/2022 00:08:06,EU,512,1626462911,Q2,Q2
20/01/2022 19:56:27,US,512,1626463000,Q2,After Q2
20/01/2022 20:59:27,US,256,1626463002,Q2,Q2
20/01/2022 07:14:18,EU,512,1626463111,Q1,Q2
07/02/2022 01:52:35,US,64,1626463132,Q1,Q2
19/01/2022 23:10:15,US,256,1626463172,Q1,Q2
27/01/2022 09:47:48,US,512,1626463195,Q2,After Q2
05/02/2022 08:21:04,US,256,1626463246,Q2,Q2
21/01/2022 05:07:06,US,64,1626463282,Q1,Q2
19/01/2022 23:47:29,US,256,1626463382,Q1,Q2
20/01/2022 18:59:02,EU,256,1626463394,Q2,Q2
20/01/2022 16:42:44,US,64,1626463482,Q1,Q2
23/01/2022 21:51:14,US,64,1626463482,Q1,Q2
04/02/2022 22:30:26,US,512,1626463486,After Q2,After Q2
20/01/2022 15:40:25,EU,512,1626463504,Q1,Q2
20/01/2022 16:00:24,US,512,1626463509,Q2,After Q2
20/01/2022 23:55:24,US,512,1626463511,Q2,After Q2
09/02/2022 15:12:44,EU,512,1626463519,Q2,Q2
20/01/2022 02:12:26,US,256,1626463734,Q1,Q2
20/01/2022 02:06:23,US,512,1626463748,Q2,After Q2
22/01/2022 20:59:49,UK,512,1626463752,Q2,After Q2
20/01/2022 04:31:01,US,512,1626463781,Q2,After Q2
22/01/2022 21:20:45,US,512,1626463898,After Q2,After Q2
05/02/2022 00:32:42,US,64,1626463899,Q1,Q2
27/01/2022 11:36:35,EU,512,1626463906,Q1,Q2
04/02/2022 23:44:00,US,256,1626463906,Q2,Q2
19/01/2022 22:47:01,US,256,1626463913,Q1,Q2
20/01/2022 13:21:30,EU,64,1626463916,December,Q1
20/01/2022 16:23:45,US,64,1626463929,Q1,Q2
19/01/2022 23:01:17,US,256,1626463936,Q1,Q2
20/01/2022 19:37:21,EU,512,1626463946,Q1,Q2
19/01/2022 23:14:01,EU,512,1626463964,Q2,Q2
19/01/2022 23:17:22,EU,512,1626463993,Q1,Q2
22/01/2022 09:38:19,EU,512,1626464009,Q2,Q2
20/01/2022 02:33:21,US,256,1626464037,Q1,Q2
20/01/2022 14:27:59,EU,256,1626464037,Q1,Q2
20/01/2022 03:13:15,US,512,1626464047,Q2,After Q2
20/01/2022 12:30:50,EU,64,1626464067,December,Q1
20/01/2022 09:47:12,EU,512,1626464068,Q1,Q2
10/02/2022 15:43:59,EU,64,1626464069,Q1,Q2
20/01/2022 05:41:44,US,512,1626464077,Q2,After Q2
20/01/2022 19:20:06,US,256,1626464100,Q1,Q2
20/01/2022 04:04:02,US,256,1626464208,Q1,Q2
20/01/2022 02:19:55,US,512,1626464232,Q2,After Q2
22/01/2022 19:07:38,US,512,1626464297,Q2,After Q2
20/01/2022 18:57:38,EU,64,1626464303,Q1,Q2
20/01/2022 04:32:57,US,256,1626464330,Q2,Q2
19/01/2022 22:49:04,EU,512,1626464342,Q1,Q2
21/01/2022 11:25:02,EU,64,1626464343,December,Q1
07/02/2022 22:00:26,EU,512,1626464383,Q1,Q2
22/01/2022 11:07:25,UK,256,1626464401,Q2,After Q2
22/01/2022 02:06:18,US,512,1626464431,Q2,After Q2
20/01/2022 03:12:42,US,256,1626464551,Q1,Q2
20/01/2022 00:23:56,US,256,1626464577,Q1,Q2
20/01/2022 01:33:44,US,256,1626464630,Q2,Q2
20/01/2022 20:13:44,EU,512,1626464727,Q1,Q2
20/01/2022 01:53:10,US,64,1626464780,Q1,Q2
21/01/2022 12:01:00,US,64,1626464850,Q1,Q2
20/01/2022 16:03:09,US,256,1626464934,Q1,Q2
20/01/2022 00:31:10,EU,256,1626464938,Q1,Q2
22/01/2022 12:32:14,EU,256,1626464938,Q1,Q2
21/01/2022 17:37:50,EU,256,1626464976,Q1,Q2
20/01/2022 17:42:40,EU,256,1626465019,Q2,After Q2
21/01/2022 22:36:08,EU,512,1626465082,Q1,Q2
20/01/2022 20:05:49,US,256,1626465089,Q1,Q2
30/01/2022 14:59:18,EU,256,1626465098,Q1,Q2
20/01/2022 05:17:04,US,256,1626465270,Q1,Q2
19/01/2022 22:31:02,EU,512,1626465310,Q2,Q2
20/01/2022 00:39:02,US,256,1626465328,Q1,Q2
20/01/2022 04:46:18,US,64,1626465331,Q1,Q2
20/01/2022 03:11:22,US,512,1626465368,Q2,After Q2
20/01/2022 15:15:52,US,256,1626465507,Q1,Q2
01/02/2022 16:25:59,EU,256,1626465614,Q1,Q2
20/01/2022 18:16:50,US,256,1626465617,Q1,Q2
20/01/2022 17:00:37,UK,256,1626465620,Q2,After Q2
20/01/2022 15:51:06,EU,512,1626465640,Q1,Q2
20/01/2022 06:54:52,US,256,1626465737,Q2,Q2
20/01/2022 04:41:30,UK,512,1626465744,After Q2,After Q2
20/01/2022 04:43:32,US,512,1626465770,Q2,After Q2
20/01/2022 02:47:10,US,512,1626465836,Q2,After Q2
20/01/2022 05:25:15,US,512,1626465849,Q2,After Q2
20/01/2022 11:42:14,US,256,1626465933,Q2,Q2
04/02/2022 23:07:12,US,256,1626465935,Q2,Q2
04/02/2022 23:07:51,US,256,1626465935,Q2,Q2
20/01/2022 02:40:53,US,512,1626465968,Q2,After Q2
20/01/2022 17:29:53,EU,512,1626466060,Q1,Q2
20/01/2022 16:35:03,EU,512,1626466080,Q1,Q2
21/01/2022 00:00:16,EU,256,1626466147,Q1,Q2
21/01/2022 00:52:21,US,256,1626466151,Q1,Q2
20/01/2022 09:07:18,US,256,1626466157,Q1,Q2
19/01/2022 23:38:47,EU,512,1626466198,Q1,Q2
20/01/2022 06:36:13,US,256,1626466207,Q1,Q2
19/01/2022 22:30:28,US,256,1626466323,Q1,Q2
19/01/2022 22:55:59,US,512,1626466333,Q2,After Q2
20/01/2022 03:23:48,US,256,1626466361,Q1,Q2
20/01/2022 17:44:24,EU,512,1626466547,Q1,Q2
20/01/2022 01:47:13,US,512,1626466600,Q2,After Q2
21/01/2022 08:59:20,UK,256,1626466676,Q2,After Q2
20/01/2022 01:17:18,US,512,1626466711,Q2,After Q2
20/01/2022 02:53:03,US,64,1626466827,December,Q1
20/01/2022 23:11:29,EU,256,1626466894,Q1,Q2
19/01/2022 23:49:57,EU,512,1626466898,Q1,Q2
20/01/2022 06:15:38,US,512,1626466992,Q2,After Q2
19/01/2022 22:32:28,US,512,1626467093,Q2,After Q2
19/01/2022 23:28:08,US,64,1626467106,Q1,Q2
20/01/2022 18:44:35,US,256,1626467172,Q1,Q2
09/02/2022 19:25:41,EU,256,1626467202,Q2,After Q2
20/01/2022 09:28:46,UK,512,1626467210,Q2,After Q2
20/01/2022 01:03:32,EU,64,1626467286,December,Q1
21/01/2022 00:32:57,EU,512,1626467293,Q2,After Q2
20/01/2022 03:16:15,US,512,1626467319,Q2,After Q2
21/01/2022 04:56:40,US,512,1626467359,Q2,After Q2
19/01/2022 23:00:25,UK,512,1626467364,Q2,After Q2
20/01/2022 18:37:30,US,64,1626467458,Q1,Q2
19/01/2022 23:59:28,US,512,1626467510,Q2,After Q2
20/01/2022 19:00:14,EU,512,1626467523,Q1,Q2
20/01/2022 17:35:45,EU,64,1626467525,December,Q1
20/01/2022 00:24:57,EU,256,1626467620,Q1,Q2
19/01/2022 23:18:45,EU,256,1626467747,Q1,Q2
20/01/2022 06:14:28,US,256,1626467824,Q1,Q2
21/01/2022 16:20:40,UK,64,1626467966,Q1,Q2
03/02/2022 06:06:47,US,512,1626468025,After Q2,After Q2
20/01/2022 06:14:23,US,256,1626468033,Q1,Q2
19/01/2022 22:55:39,EU,512,1626468077,Q2,After Q2
20/01/2022 06:29:51,US,256,1626468248,Q2,Q2
20/01/2022 20:09:20,US,64,1626468276,Q1,Q2
20/01/2022 21:44:34,EU,64,1626468308,December,Q1
11/02/2022 00:30:58,US,64,1626468475,Q2,Q2
20/01/2022 11:08:55,EU,512,1626468525,Q2,After Q2
20/01/2022 01:43:53,EU,256,1626468613,Q1,Q2
20/01/2022 12:15:54,EU,256,1626468678,Q1,Q2
19/01/2022 22:41:09,EU,64,1626468711,December,Q1
07/02/2022 22:14:46,EU,256,1626469223,Q1,Q2
10/02/2022 05:42:07,US,512,1626469354,Q2,After Q2
10/02/2022 05:42:37,US,512,1626469354,Q2,After Q2
20/01/2022 07:43:38,US,512,1626469384,Q2,After Q2
21/01/2022 10:18:42,EU,512,1626469464,Q1,Q2
20/01/2022 05:33:32,US,512,1626469558,After Q2,After Q2
21/01/2022 19:13:26,US,256,1626469741,Q1,Q2
20/01/2022 19:59:22,US,256,1626469843,Q1,Q2
19/01/2022 22:31:22,US,64,1626469868,Q1,Q2
26/01/2022 02:04:16,EU,256,1626469883,Q2,After Q2
20/01/2022 05:30:13,US,512,1626469900,After Q2,After Q2
22/01/2022 04:23:04,US,64,1626469916,Q1,Q2
19/01/2022 23:30:24,EU,512,1626470198,Q1,Q2
07/02/2022 04:50:37,US,256,1626470433,Q1,Q2
20/01/2022 15:07:54,UK,512,1626470756,Q2,After Q2
19/01/2022 22:07:40,EU,256,1626470802,Q2,Q2
20/01/2022 08:15:57,EU,256,1626470863,Q1,Q2
23/01/2022 06:46:15,US,64,1626471234,Q1,Q2
11/02/2022 03:01:52,US,256,1626471553,Q1,Q2
20/01/2022 03:43:14,US,512,1626471727,Q2,After Q2
20/01/2022 19:51:49,US,256,1626471770,Q1,Q2
20/01/2022 14:12:54,UK,512,1626471948,After Q2,After Q2
20/01/2022 22:07:30,UK,64,1626471954,Q1,Q2
20/01/2022 06:10:02,US,256,1626472091,Q1,Q2
20/01/2022 16:55:11,US,512,1626472189,Q2,After Q2
20/01/2022 02:39:18,EU,256,1626472336,Q1,Q2
19/01/2022 23:03:33,EU,512,1626472389,Q1,Q2
20/01/2022 04:04:52,US,512,1626472600,Q2,After Q2
20/01/2022 22:47:04,EU,512,1626472608,Q1,Q2
20/01/2022 18:45:43,EU,256,1626472737,Q1,Q2
21/01/2022 13:15:29,EU,256,1626472930,Q1,Q2
23/01/2022 03:43:55,US,256,1626473040,Q1,Q2
20/01/2022 01:15:53,UK,256,1626473550,Q2,After Q2
19/01/2022 22:48:37,EU,64,1626473767,December,Q1
20/01/2022 08:39:37,EU,256,1626473974,Q1,Q2
09/02/2022 18:02:55,US,512,1626474006,Q2,After Q2
20/01/2022 01:21:20,EU,512,1626474059,Q1,Q2
05/02/2022 12:23:48,EU,256,1626474993,Q1,Q2
20/01/2022 07:33:11,US,256,1626475563,Q1,Q2
25/01/2022 16:39:53,EU,64,1626475843,December,Q1
20/01/2022 17:18:11,US,256,1626475918,Q1,Q2
20/01/2022 03:57:11,UK,512,1626475948,Q2,After Q2
20/01/2022 01:52:29,US,512,1626476003,Q2,After Q2
22/01/2022 23:08:39,US,256,1626476006,Q1,Q2
22/01/2022 01:46:07,US,64,1626476075,Q1,Q2
20/01/2022 10:36:05,EU,64,1626476417,December,Q1
20/01/2022 10:30:56,EU,256,1626477464,Q2,After Q2
22/01/2022 03:38:19,US,64,1626477548,Q1,Q2
20/01/2022 15:49:44,US,64,1626477696,Q1,Q2
20/01/2022 03:32:39,US,256,1626477728,Q1,Q2
21/01/2022 00:49:02,US,512,1626477800,After Q2,After Q2
21/01/2022 23:32:55,US,512,1626477902,Q2,After Q2
22/01/2022 01:44:26,EU,512,1626477972,After Q2,After Q2
30/01/2022 21:37:03,EU,512,1626477972,After Q2,After Q2
26/01/2022 16:35:55,US,64,1626478005,Q1,Q2
20/01/2022 03:21:19,US,512,1626478343,Q2,After Q2
20/01/2022 19:28:25,US,512,1626478852,Q2,After Q2
21/01/2022 21:46:28,US,256,1626478973,Q2,After Q2
04/02/2022 11:08:15,EU,64,1626479275,Q1,Q1
21/01/2022 14:25:09,EU,512,1626479405,Q1,Q2
30/01/2022 15:06:05,US,256,1626480904,Q2,After Q2
20/01/2022 00:17:29,US,512,1626480969,Q2,After Q2
20/01/2022 11:23:33,US,256,1626481202,Q2,After Q2
24/01/2022 08:48:54,EU,512,1626481385,Q1,Q2
20/01/2022 13:43:15,US,64,1626481408,Q1,Q2
19/01/2022 22:31:00,US,512,1626481951,Q2,After Q2
19/01/2022 22:24:01,US,512,1626482100,Q2,After Q2
20/01/2022 08:01:55,US,256,1626484109,Q2,After Q2
03/02/2022 04:28:48,US,64,1626484244,Q2,After Q2
20/01/2022 03:58:28,US,64,1626484252,Q2,After Q2
20/01/2022 00:10:39,US,256,1626484298,Q2,After Q2
20/01/2022 01:52:36,EU,512,1626485201,Q1,Q2
04/02/2022 21:47:17,US,256,1626485565,Q2,After Q2
04/02/2022 23:53:34,US,64,1626486195,Q2,After Q2
20/01/2022 05:06:37,US,512,1626487300,Q2,After Q2
21/01/2022 01:25:25,US,512,1626489312,Q2,After Q2
08/02/2022 22:00:31,US,512,1626489723,Q2,After Q2
20/01/2022 02:50:54,US,256,1626489982,Q2,After Q2
20/01/2022 05:40:27,UK,512,1626490239,Q2,After Q2
04/02/2022 20:36:00,US,512,1626491160,Q2,After Q2
20/01/2022 12:47:42,US,512,1626491514,Q2,After Q2
20/01/2022 02:24:28,US,256,1626492405,Q2,After Q2
20/01/2022 03:49:18,US,256,1626493210,Q2,After Q2
22/01/2022 10:26:10,EU,256,1626494340,Q1,Q2
21/01/2022 02:22:44,US,512,1626494860,Q2,After Q2
04/02/2022 12:30:14,US,256,1626497004,Q2,After Q2
21/01/2022 09:31:27,US,512,1626497606,Q2,After Q2
21/01/2022 07:56:01,EU,512,1626499661,Q1,Q2
09/02/2022 19:00:31,EU,64,1626500083,Q1,Q1
20/01/2022 02:03:23,US,512,1626500288,Q2,After Q2
20/01/2022 11:40:26,EU,512,1626501188,Q2,Q2
20/01/2022 12:48:54,US,512,1626501895,Q2,After Q2
21/01/2022 16:19:32,UK,512,1626504601,Q2,After Q2
19/01/2022 23:22:36,EU,512,1626505607,Q1,Q2
20/01/2022 09:41:18,EU,256,1626507122,Q1,Q2
20/01/2022 01:28:59,EU,256,1626507208,Q1,Q2
21/01/2022 14:22:10,EU,512,1626507327,Q1,Q2
19/01/2022 23:10:28,EU,256,1626508336,Q1,Q2
21/01/2022 01:35:12,EU,512,1626509511,Q1,Q2
05/02/2022 12:23:43,EU,256,1626509568,Q1,Q2
19/01/2022 22:24:30,EU,512,1626511765,Q1,Q2
20/01/2022 15:55:12,EU,512,1626511861,Q1,Q2
20/01/2022 07:45:08,EU,256,1626511910,Q2,After Q2
20/01/2022 11:32:41,EU,256,1626512881,Q1,Q2
24/01/2022 11:09:56,US,256,1626514090,Q1,Q2
21/01/2022 19:24:21,EU,256,1626514121,Q1,Q2
20/01/2022 01:13:26,UK,256,1626514227,Q2,After Q2
20/01/2022 09:06:04,EU,512,1626514364,Q1,Q2
21/01/2022 10:31:57,EU,512,1626515345,Q1,Q2
08/02/2022 22:22:04,UK,256,1626516205,Q2,After Q2
19/01/2022 22:28:09,EU,512,1626516300,Q1,Q2
21/01/2022 21:03:31,EU,512,1626516629,Q1,Q2
20/01/2022 00:48:59,EU,512,1626517569,Q1,Q2
21/01/2022 02:37:02,US,64,1626517863,Q2,After Q2
21/01/2022 00:49:26,EU,512,1626519096,Q1,Q2
21/01/2022 00:49:32,EU,512,1626519096,Q1,Q2
07/02/2022 10:28:47,EU,256,1626519418,Q2,Q2
20/01/2022 16:39:31,EU,512,1626520448,Q1,Q2
20/01/2022 11:23:13,EU,256,1626520727,Q1,Q2
20/01/2022 12:22:01,EU,256,1626521135,Q1,Q2
20/01/2022 01:23:14,US,512,1626521254,Q2,After Q2
21/01/2022 17:58:37,EU,64,1626521669,Q1,Q2
24/01/2022 20:08:10,EU,512,1626521921,Q1,Q2
21/01/2022 00:18:14,EU,256,1626522031,Q1,Q2
20/01/2022 15:56:22,EU,512,1626522356,Q1,Q2
20/01/2022 03:47:40,US,512,1626523340,Q2,After Q2
20/01/2022 14:30:26,EU,256,1626523474,Q1,Q2
20/01/2022 16:15:46,EU,64,1626523766,Q1,Q2
19/01/2022 23:49:52,US,256,1626523875,After Q2,After Q2
20/01/2022 20:29:47,EU,64,1626525803,Q1,Q2
19/01/2022 22:55:50,UK,64,1626525912,Q1,Q2
22/01/2022 13:54:03,UK,64,1626529455,Q1,Q2
11/02/2022 18:33:34,EU,256,1626530685,Q2,Q2
04/02/2022 21:55:08,US,512,1626532148,Q2,After Q2
20/01/2022 15:59:25,US,512,1626532857,Q2,After Q2
22/01/2022 06:01:03,US,64,1626534158,Q2,After Q2
20/01/2022 02:02:41,EU,512,1626534358,Q1,Q2
21/01/2022 01:02:05,US,256,1626534743,Q2,After Q2
20/01/2022 10:23:51,EU,512,1626535247,Q1,Q2
20/01/2022 02:10:14,US,512,1626536084,Q2,After Q2
06/02/2022 14:12:18,EU,256,1626539222,Q1,Q2
21/01/2022 00:12:59,EU,512,1626542067,Q1,Q2
06/02/2022 14:43:21,UK,64,1626544097,Q2,Q2
20/01/2022 08:59:04,EU,256,1626545040,Q1,Q2
20/01/2022 04:38:33,US,512,1626546650,Q2,After Q2
20/01/2022 10:17:47,US,512,1626546779,After Q2,After Q2
20/01/2022 11:54:31,UK,64,1626547572,Q1,Q2
08/02/2022 20:00:55,UK,512,1626548312,Q2,After Q2
04/02/2022 22:50:28,US,256,1626549936,Q2,After Q2
20/01/2022 01:45:17,US,256,1626550706,Q2,After Q2
21/01/2022 02:18:00,US,512,1626552878,Q2,After Q2
21/01/2022 05:13:07,EU,512,1626553587,Q2,Q2
20/01/2022 01:29:49,US,256,1626553967,Q2,After Q2
20/01/2022 18:28:33,EU,64,1626554069,Q1,Q2
20/01/2022 06:55:30,EU,512,1626554854,Q1,Q2
21/01/2022 03:03:28,US,256,1626554988,Q2,After Q2
20/01/2022 16:03:02,EU,256,1626555144,Q1,Q2
20/01/2022 11:16:00,UK,512,1626556407,Q2,After Q2
20/01/2022 18:49:26,US,512,1626556597,Q2,Q2
25/01/2022 18:02:28,EU,256,1626557759,Q1,Q2
28/01/2022 08:30:25,US,64,1626557802,After Q2,After Q2
28/01/2022 11:10:35,US,64,1626557802,After Q2,After Q2
20/01/2022 01:53:09,US,512,1626558981,Q2,After Q2
19/01/2022 23:48:33,EU,512,1626559150,Q2,Q2
19/01/2022 22:34:22,EU,256,1626561824,Q1,Q2
04/02/2022 19:48:18,EU,512,1626562407,Q2,Q2
04/02/2022 19:59:29,EU,512,1626562407,Q2,Q2
20/01/2022 17:09:57,US,512,1626564066,Q2,After Q2
05/02/2022 02:01:15,US,512,1626565248,Q2,After Q2
19/01/2022 22:45:58,US,256,1626565543,Q2,After Q2
20/01/2022 18:56:21,US,512,1626569204,Q2,After Q2
20/01/2022 03:56:45,US,64,1626570535,After Q2,After Q2
20/01/2022 17:27:44,US,512,1626574932,Q2,After Q2
20/01/2022 14:26:46,US,512,1626577467,Q2,After Q2
20/01/2022 04:49:02,US,256,1626578845,Q2,After Q2
20/01/2022 04:49:18,US,256,1626578845,Q2,After Q2
21/01/2022 19:34:04,US,256,1626583537,Q2,After Q2
20/01/2022 18:19:39,US,512,1626584774,Q2,After Q2
20/01/2022 11:21:08,EU,512,1626586385,Q1,Q2
05/02/2022 01:04:23,EU,512,1626588021,Q2,Q2
20/01/2022 15:51:57,US,256,1626588039,After Q2,After Q2
04/02/2022 12:32:43,EU,256,1626594248,Q1,Q2
04/02/2022 18:53:46,EU,256,1626594365,Q1,Q2
21/01/2022 06:03:50,US,512,1626596688,Q2,After Q2
20/01/2022 08:10:09,EU,64,1626597122,Q1,Q2
20/01/2022 10:42:43,EU,256,1626598418,Q2,Q2
11/02/2022 19:10:26,EU,64,1626598815,Q1,Q2
21/01/2022 02:20:32,US,256,1626598857,Q2,After Q2
06/02/2022 14:58:42,EU,256,1626599146,Q1,Q2
06/02/2022 15:11:45,EU,256,1626599146,Q1,Q2
19/01/2022 22:34:44,EU,256,1626599550,Q1,Q2
21/01/2022 15:35:34,EU,64,1626600971,December,Q1
20/01/2022 13:40:38,EU,512,1626600991,Q1,Q2
20/01/2022 13:54:21,EU,256,1626603925,Q1,Q2
20/01/2022 02:23:56,EU,256,1626604920,Q1,Q2
21/01/2022 16:37:46,EU,256,1626605958,Q2,Q2
20/01/2022 18:01:37,EU,256,1626614714,Q1,Q2
20/01/2022 19:29:19,EU,256,1626616293,Q1,Q2
20/01/2022 09:54:34,EU,256,1626618837,Q1,Q2
19/01/2022 22:07:16,EU,512,1626620261,Q1,Q2
11/02/2022 20:10:34,US,512,1626620705,Q2,After Q2
19/01/2022 22:32:11,US,256,1626621537,Q2,After Q2
20/01/2022 20:12:41,EU,256,1626623812,Q2,Q2
21/01/2022 14:23:08,EU,512,1626625347,Q1,Q2
21/01/2022 04:29:16,US,256,1626625986,Q2,After Q2
04/02/2022 12:57:36,EU,512,1626627380,Q2,Q2
19/01/2022 23:51:20,EU,512,1626628744,Q1,Q2
19/01/2022 21:49:51,EU,512,1626629912,Q2,Q2
20/01/2022 02:57:20,UK,512,1626630783,Q2,After Q2
20/01/2022 15:30:32,EU,256,1626631838,Q2,Q2
19/01/2022 22:59:13,EU,256,1626632609,Q1,Q2
20/01/2022 02:49:14,US,64,1626634202,After Q2,After Q2
20/01/2022 18:21:08,US,256,1626634386,Q2,After Q2
20/01/2022 11:18:26,EU,256,1626636063,Q1,Q2
20/01/2022 22:17:41,EU,256,1626637061,Q1,Q2
20/01/2022 09:15:12,EU,64,1626637229,Q2,Q2
20/01/2022 16:00:43,US,256,1626637911,Q2,After Q2
20/01/2022 04:13:00,US,512,1626640944,Q2,After Q2
20/01/2022 00:12:26,EU,256,1626641055,Q1,Q2
19/01/2022 22:25:12,EU,64,1626643334,Q1,Q2
19/01/2022 23:43:12,EU,64,1626645330,Q1,Q2
19/01/2022 22:13:12,US,64,1626645919,Q2,After Q2
20/01/2022 16:19:09,US,512,1626650423,Q2,After Q2
20/01/2022 01:20:12,US,512,1626651205,Q2,After Q2
04/02/2022 18:48:01,US,64,1626652239,Q2,After Q2
20/01/2022 11:57:07,US,512,1626652568,Q2,After Q2
21/01/2022 22:12:40,US,64,1626653972,Q2,After Q2
04/02/2022 15:06:52,EU,256,1626659079,Q1,Q2
20/01/2022 02:02:10,US,256,1626662078,Q2,After Q2
21/01/2022 05:46:20,US,256,1626666658,Q2,After Q2
21/01/2022 03:39:02,US,512,1626669931,Q2,After Q2
04/02/2022 20:33:22,US,512,1626671371,Q2,After Q2
20/01/2022 02:42:51,US,256,1626672731,Q2,After Q2
20/01/2022 10:22:03,US,512,1626684757,Q1,Q2
22/01/2022 06:48:59,EU,64,1626687162,Q1,Q2
19/01/2022 23:07:43,EU,512,1626688535,Q1,Q2
20/01/2022 01:06:56,EU,256,1626691987,Q1,Q2
20/01/2022 00:18:45,UK,256,1626694668,Q2,After Q2
04/02/2022 14:25:42,US,512,1626695045,Q2,After Q2
19/01/2022 22:41:53,UK,512,1626696506,Q2,After Q2
20/01/2022 15:35:16,US,512,1626696528,Q2,After Q2
28/01/2022 18:41:16,EU,256,1626699457,Q1,Q2
20/01/2022 02:54:47,US,512,1626699859,After Q2,After Q2
19/01/2022 22:54:01,EU,512,1626700382,Q1,Q2
19/01/2022 22:43:44,EU,512,1626703924,Q1,Q2
20/01/2022 00:30:30,EU,256,1626710738,Q1,Q2
20/01/2022 16:44:25,US,512,1626722945,Q2,After Q2
20/01/2022 14:05:01,EU,512,1626729314,Q2,Q2
20/01/2022 13:51:16,EU,64,1626730000,Q1,Q2
20/01/2022 02:21:40,EU,512,1626731217,Q1,Q2
20/01/2022 03:36:40,EU,512,1626731999,Q1,Q2
20/01/2022 07:17:05,US,256,1626734176,Q2,After Q2
05/02/2022 01:01:22,EU,256,1626735110,Q1,Q2
20/01/2022 04:03:35,US,256,1626742940,Q2,After Q2
21/01/2022 20:35:53,US,512,1626752401,Q2,After Q2
22/01/2022 20:38:29,US,64,1626753400,Q2,After Q2
01/02/2022 20:33:57,UK,512,1626761255,Q2,After Q2
19/01/2022 23:09:47,EU,64,1626775711,Q1,Q2
19/01/2022 23:42:29,EU,512,1626784709,Q1,Q2
20/01/2022 14:57:06,EU,256,1626785181,Q1,Q2
20/01/2022 11:44:51,UK,512,1626788131,Q2,After Q2
19/01/2022 22:43:14,US,512,1626789714,Q2,After Q2
20/01/2022 12:35:14,EU,64,1626791465,Q1,Q2
25/01/2022 18:04:03,EU,512,1626792687,Q1,Q2
20/01/2022 11:57:28,EU,64,1626797195,Q1,Q2
20/01/2022 02:21:10,US,512,1626797544,Q2,After Q2
20/01/2022 02:50:04,UK,256,1626798704,Q2,After Q2
05/02/2022 13:08:00,EU,512,1626807455,Q2,Q2
22/01/2022 01:51:46,US,512,1626813936,Q2,After Q2
20/01/2022 08:13:35,EU,256,1626817587,Q1,Q2
20/01/2022 04:42:19,US,512,1626818082,Q2,After Q2
21/01/2022 03:55:51,US,256,1626822214,Q2,After Q2
19/01/2022 22:09:46,US,64,1626824276,Q2,After Q2
04/02/2022 21:01:41,EU,512,1626831032,Q2,Q2
04/02/2022 21:01:53,EU,512,1626831189,Q1,Q2
20/01/2022 18:09:55,US,64,1626844333,Q2,After Q2
20/01/2022 07:06:28,EU,512,1626869977,Q1,Q2
20/01/2022 18:29:35,US,256,1626873200,Q2,After Q2
04/02/2022 14:40:42,EU,256,1626875326,Q1,Q2
21/01/2022 03:11:55,US,256,1626879345,After Q2,After Q2
19/01/2022 23:51:25,US,512,1626892014,Q2,After Q2
20/01/2022 21:40:47,UK,256,1626903616,Q2,Q2
19/01/2022 22:42:50,US,512,1626923284,Q2,After Q2
20/01/2022 05:32:25,US,512,1626924402,Q2,After Q2
20/01/2022 10:06:12,EU,256,1626942652,Q1,Q2
20/01/2022 14:47:13,UK,256,1626972785,Q2,Q2
21/01/2022 08:48:11,US,512,1626980766,Q2,After Q2
19/01/2022 22:12:34,EU,256,1626981937,Q1,Q2
22/01/2022 05:28:27,US,512,1626990791,Q2,After Q2
20/01/2022 16:40:10,EU,256,1626997301,Q1,Q2
20/01/2022 15:42:47,US,256,1627009513,After Q2,After Q2
20/01/2022 14:35:46,UK,512,1627021864,Q2,After Q2
20/01/2022 00:21:09,US,512,1627046903,Q2,After Q2
20/01/2022 02:35:12,UK,512,1627060044,Q2,After Q2
21/01/2022 17:37:03,US,256,1627064716,Q2,After Q2
19/01/2022 23:05:42,EU,512,1627066484,Q1,Q2
26/01/2022 20:03:44,US,64,1627071241,Q2,After Q2
20/01/2022 03:28:05,EU,64,1627071365,Q2,Q2
20/01/2022 10:23:39,EU,256,1627073255,Q1,Q2
24/01/2022 03:24:53,US,64,1627077452,Q2,After Q2
20/01/2022 01:40:14,US,256,1627087753,Q2,After Q2
21/01/2022 14:37:23,US,256,1627132118,Q2,After Q2
09/02/2022 22:23:58,UK,256,1627157965,Q2,After Q2
19/01/2022 22:39:13,US,512,1627174937,Q2,After Q2
20/01/2022 22:55:32,US,512,1627221114,Q2,After Q2
21/01/2022 09:22:40,EU,256,1627223011,Q2,After Q2
20/01/2022 07:28:09,EU,256,1627245255,Q2,After Q2
08/02/2022 05:32:47,US,64,1627330521,After Q2,After Q2
21/01/2022 05:10:05,US,512,1627332044,Q2,After Q2
19/01/2022 23:48:01,US,64,1627343015,After Q2,After Q2
20/01/2022 20:56:35,US,256,1627349983,Q2,After Q2
07/02/2022 23:05:10,US,512,1627406912,Q2,After Q2
20/01/2022 01:24:53,US,512,1627416606,Q2,After Q2
22/01/2022 07:25:23,US,512,1627429546,Q2,After Q2
20/01/2022 17:32:14,US,256,1627529166,After Q2,After Q2
20/01/2022 01:23:36,US,512,1627581860,Q2,After Q2
20/01/2022 00:56:58,US,64,1627595131,After Q2,After Q2
04/02/2022 20:23:05,EU,256,1627625023,After Q2,After Q2
26/01/2022 10:49:18,EU,64,1627638226,Q2,After Q2
20/01/2022 00:29:50,EU,256,1627664516,Q2,After Q2
23/01/2022 03:50:42,US,512,1627692668,Q1,Q2
20/01/2022 05:24:12,US,256,1627752061,Q2,After Q2
20/01/2022 17:14:46,US,64,1627762406,After Q2,After Q2
20/01/2022 18:25:55,US,256,1627765397,Q2,After Q2
20/01/2022 14:18:13,US,512,1627823918,After Q2,After Q2
21/01/2022 17:47:50,EU,256,1627924597,After Q2,After Q2
19/01/2022 23:13:50,EU,64,1628018878,Q2,After Q2
19/01/2022 22:28:13,EU,64,1628019992,After Q2,After Q2
20/01/2022 16:57:16,US,256,1628122951,Q2,After Q2
20/01/2022 02:07:48,UK,256,1628270711,After Q2,After Q2
20/01/2022 11:23:40,UK,256,1628277444,Q2,After Q2
20/01/2022 03:40:05,US,512,1628279824,After Q2,After Q2
19/01/2022 22:33:38,EU,512,1628286911,Q2,After Q2
08/02/2022 11:52:33,UK,512,1628287451,After Q2,After Q2
20/01/2022 01:21:03,US,256,1628290307,After Q2,After Q2
23/01/2022 08:04:12,US,512,1628314946,After Q2,After Q2
26/01/2022 00:23:49,US,512,1628322379,After Q2,After Q2
20/01/2022 09:00:25,EU,512,1628337073,After Q2,After Q2
04/02/2022 10:58:30,UK,64,1628343146,After Q2,After Q2
20/01/2022 17:30:16,US,512,1628384140,After Q2,After Q2
07/02/2022 21:19:33,UK,512,1628435849,Q2,After Q2
21/01/2022 21:46:19,EU,256,1628460559,After Q2,After Q2
05/02/2022 12:08:23,EU,64,1628504650,After Q2,After Q2
20/01/2022 07:39:07,US,512,1628528327,After Q2,After Q2
22/01/2022 03:03:03,UK,512,1628538545,After Q2,After Q2
20/01/2022 21:31:23,US,256,1628559901,After Q2,After Q2
20/01/2022 08:42:44,EU,256,1628594246,After Q2,After Q2
19/01/2022 22:34:18,US,256,1628654975,After Q2,After Q2
20/01/2022 03:00:46,US,256,1628706065,Q2,After Q2
20/01/2022 14:52:02,US,64,1628711578,After Q2,After Q2
20/01/2022 12:33:31,EU,512,1628852789,Q1,Q2
20/01/2022 07:59:46,EU,64,1629026623,After Q2,After Q2
09/02/2022 17:30:21,US,256,1629034981,After Q2,After Q2
19/01/2022 22:21:48,US,64,1629155359,After Q2,After Q2
20/01/2022 01:30:47,US,512,1629168009,After Q2,After Q2
11/02/2022 19:30:37,US,512,1629229045,Q2,Q2
11/02/2022 18:26:40,US,256,1629257359,After Q2,After Q2
21/01/2022 02:42:12,US,512,1629332106,After Q2,After Q2
20/01/2022 01:20:46,EU,512,1629396860,After Q2,After Q2
27/01/2022 13:24:14,EU,64,1629450311,Q1,Q2
21/01/2022 14:57:35,US,256,1629503019,After Q2,After Q2
20/01/2022 05:10:47,US,256,1629589956,After Q2,After Q2
19/01/2022 22:35:47,EU,512,1629616300,After Q2,After Q2
20/01/2022 03:38:36,EU,256,1629661074,After Q2,After Q2
20/01/2022 19:23:27,EU,512,1629808950,After Q2,After Q2
20/01/2022 15:45:22,US,256,1629873960,After Q2,After Q2
21/01/2022 06:57:28,US,512,1629913092,After Q2,After Q2
20/01/2022 00:40:36,UK,256,1629918555,After Q2,After Q2
19/01/2022 23:23:54,UK,256,1630005956,After Q2,After Q2
20/01/2022 05:52:02,EU,512,1630051954,After Q2,After Q2
20/01/2022 11:51:16,EU,512,1630078883,After Q2,After Q2
20/01/2022 10:27:39,US,512,1630130660,After Q2,After Q2
26/01/2022 01:37:49,EU,512,1630187488,Q2,After Q2
21/01/2022 17:07:18,US,512,1630255044,After Q2,After Q2
28/01/2022 11:25:19,UK,256,1630586345,After Q2,After Q2
20/01/2022 12:05:02,EU,512,1630593571,After Q2,After Q2
20/01/2022 08:22:16,US,256,1630617853,After Q2,After Q2
20/01/2022 00:00:15,US,256,1630730766,Q2,After Q2
20/01/2022 13:36:38,US,512,1630786785,Q1,Q2
04/02/2022 17:36:23,EU,512,1630915215,After Q2,After Q2
19/01/2022 22:23:53,UK,512,1631000847,After Q2,After Q2
20/01/2022 00:02:17,EU,512,1631466409,After Q2,After Q2
22/01/2022 01:49:17,US,512,1631497123,After Q2,After Q2
20/01/2022 04:50:32,US,512,1631747199,After Q2,After Q2
21/01/2022 08:18:53,US,256,1631818019,Q2,After Q2
22/01/2022 04:22:49,US,512,1631840071,Q2,After Q2
21/01/2022 06:24:52,US,512,1632018165,After Q2,After Q2
20/01/2022 03:53:43,US,64,1632179750,After Q2,After Q2
20/01/2022 13:42:57,EU,512,1632214742,Q2,After Q2
22/01/2022 01:38:28,US,512,1632346652,Q2,After Q2
20/01/2022 05:45:27,US,256,1632355741,After Q2,After Q2
20/01/2022 16:02:38,US,256,1632437687,Q2,Q2
20/01/2022 16:57:18,US,256,1632449257,Q2,After Q2
20/01/2022 17:31:46,EU,256,1632469187,Q2,Q2
20/01/2022 04:09:29,US,512,1632505882,Q2,After Q2
19/01/2022 22:10:32,EU,512,1632588177,Q2,After Q2
20/01/2022 00:48:32,EU,256,1632683762,After Q2,After Q2
20/01/2022 03:15:58,US,256,1632784248,After Q2,After Q2
20/01/2022 09:45:24,US,256,1632977904,After Q2,After Q2
19/01/2022 22:23:53,EU,512,1633101598,After Q2,After Q2
19/01/2022 23:53:24,US,256,1633117114,After Q2,After Q2
20/01/2022 22:27:15,UK,512,1633175017,After Q2,After Q2
20/01/2022 20:19:06,EU,256,1633250664,Q2,After Q2
20/01/2022 19:11:07,UK,512,1633260271,After Q2,After Q2
20/01/2022 16:08:59,EU,512,1633272047,After Q2,After Q2
09/02/2022 17:33:38,US,512,1633350671,After Q2,After Q2
04/02/2022 17:44:58,US,512,1633357748,Q2,After Q2
20/01/2022 21:22:16,EU,512,1633426939,After Q2,After Q2
20/01/2022 23:00:00,UK,512,1633533968,Q2,After Q2
20/01/2022 19:09:31,EU,512,1633608596,Q2,After Q2
20/01/2022 15:43:12,EU,512,1633713206,After Q2,After Q2
22/01/2022 22:05:35,US,512,1633796397,Q2,After Q2
20/01/2022 01:17:57,EU,64,1633798567,Q2,After Q2
11/02/2022 06:12:03,US,512,1633804336,Q2,After Q2
20/01/2022 12:36:34,US,512,1633809514,After Q2,After Q2
24/01/2022 16:59:32,US,256,1633811793,After Q2,After Q2
19/01/2022 23:32:58,US,512,1633878584,After Q2,After Q2
20/01/2022 16:29:23,US,512,1633878584,After Q2,After Q2
20/01/2022 15:11:41,EU,256,1633955501,After Q2,After Q2
19/01/2022 23:45:25,US,256,1633961964,After Q2,After Q2
20/01/2022 00:37:44,UK,256,1633974926,After Q2,After Q2
20/01/2022 12:39:24,EU,256,1633978601,After Q2,After Q2
20/01/2022 14:20:27,EU,64,1634225228,After Q2,After Q2
05/02/2022 01:47:29,EU,512,1634230006,After Q2,After Q2
21/01/2022 08:25:57,EU,512,1634235833,After Q2,After Q2
20/01/2022 02:59:26,US,512,1634248487,After Q2,After Q2
20/01/2022 16:17:21,US,512,1634312040,After Q2,After Q2
20/01/2022 06:02:54,US,512,1634514282,After Q2,After Q2
21/01/2022 15:13:36,EU,64,1634569843,After Q2,After Q2
20/01/2022 00:34:03,UK,512,1634576418,After Q2,After Q2
20/01/2022 04:45:34,US,256,1634592408,After Q2,After Q2
20/01/2022 19:14:28,UK,256,1634665059,After Q2,After Q2
21/01/2022 10:28:56,EU,256,1634759094,After Q2,After Q2
20/01/2022 01:48:48,US,256,1634779945,Q2,After Q2
09/02/2022 18:10:27,EU,64,1634890904,After Q2,After Q2
20/01/2022 21:47:04,EU,256,1634914629,After Q2,After Q2
24/01/2022 14:47:23,EU,512,1635004121,Q2,After Q2
19/01/2022 22:35:42,US,512,1635047898,After Q2,After Q2
20/01/2022 00:07:45,US,512,1635055820,After Q2,After Q2
20/01/2022 03:51:09,US,256,1635204407,Q2,After Q2
20/01/2022 01:54:00,US,256,1635221594,After Q2,After Q2
20/01/2022 04:55:22,US,512,1635361646,After Q2,After Q2
20/01/2022 02:32:58,EU,256,1635423926,After Q2,After Q2
20/01/2022 16:59:53,US,512,1635467281,Q2,After Q2
20/01/2022 16:23:32,UK,64,1635539885,Q2,After Q2
22/01/2022 23:06:42,US,64,1635726168,After Q2,After Q2
19/01/2022 22:47:17,US,512,1635800689,Q2,After Q2
21/01/2022 16:36:48,US,512,1635804451,After Q2,After Q2
19/01/2022 22:38:03,EU,512,1635874969,After Q2,After Q2
20/01/2022 08:30:49,EU,256,1635950844,After Q2,After Q2
20/01/2022 13:30:36,EU,512,1635966063,After Q2,After Q2
20/01/2022 02:09:30,US,512,1635999263,After Q2,After Q2
20/01/2022 01:25:24,US,64,1636133801,Q2,After Q2
20/01/2022 01:48:07,US,256,1636473521,After Q2,After Q2
21/01/2022 18:26:34,US,512,1636520404,Q2,After Q2
20/01/2022 07:58:19,US,512,1636606032,Q2,After Q2
20/01/2022 05:44:39,US,64,1636611359,Q2,After Q2
20/01/2022 15:26:48,US,256,1636743880,After Q2,After Q2
20/01/2022 11:31:09,US,256,1636823716,After Q2,After Q2
20/01/2022 22:16:35,EU,512,1636828992,Q2,After Q2
19/01/2022 22:13:40,US,256,1637035874,After Q2,After Q2
20/01/2022 00:05:01,EU,64,1637344542,After Q2,After Q2
21/01/2022 02:54:11,US,512,1637453057,After Q2,After Q2
19/01/2022 23:01:29,US,512,1637529026,After Q2,After Q2
20/01/2022 12:20:53,EU,256,1637766085,After Q2,After Q2
20/01/2022 05:05:38,US,512,1637946880,After Q2,After Q2
19/01/2022 23:48:26,US,256,1638055302,After Q2,After Q2
20/01/2022 02:28:14,US,512,1638150352,After Q2,After Q2
22/01/2022 21:01:47,US,512,1638244453,After Q2,After Q2
20/01/2022 02:03:09,US,256,1638549181,After Q2,After Q2
24/01/2022 07:41:03,US,64,1638570422,After Q2,After Q2
21/01/2022 07:06:59,US,256,1638669861,After Q2,After Q2
20/01/2022 15:50:00,EU,256,1638698230,After Q2,After Q2
21/01/2022 15:19:24,US,512,1638839105,Q2,After Q2
20/01/2022 16:38:57,UK,512,1639080928,After Q2,After Q2
20/01/2022 10:08:53,US,512,1639378111,After Q2,After Q2
05/02/2022 03:05:56,US,64,1639531340,After Q2,After Q2
20/01/2022 05:22:45,US,256,1639615762,After Q2,After Q2
20/01/2022 13:31:39,UK,256,1639669578,After Q2,After Q2
21/01/2022 19:57:44,UK,256,1639671992,After Q2,After Q2
19/01/2022 23:17:56,US,512,1639757954,Q2,Q2
19/01/2022 22:14:12,EU,64,1639867213,After Q2,After Q2
19/01/2022 21:55:45,US,512,1639965836,After Q2,After Q2
20/01/2022 08:13:31,US,64,1640059339,After Q2,After Q2
20/01/2022 21:16:14,UK,512,1640118185,After Q2,After Q2
20/01/2022 02:02:15,US,512,1640232817,After Q2,After Q2
19/01/2022 23:25:01,US,256,1640396683,After Q2,After Q2
19/01/2022 22:40:14,US,512,1640411434,After Q2,After Q2
21/01/2022 17:03:16,US,512,1640501964,After Q2,After Q2
20/01/2022 15:02:34,EU,256,1640530034,After Q2,After Q2
19/01/2022 22:22:20,EU,256,1640647072,After Q2,After Q2
21/01/2022 10:27:52,EU,512,1640883776,After Q2,After Q2
21/01/2022 01:05:26,US,64,1640906830,After Q2,After Q2
22/01/2022 12:46:37,EU,256,1640963483,After Q2,After Q2
20/01/2022 20:07:58,US,512,1640987780,After Q2,After Q2
20/01/2022 00:46:34,US,512,1641010419,After Q2,After Q2
20/01/2022 13:09:43,US,512,1641013391,After Q2,After Q2
09/02/2022 13:27:44,EU,512,1641052199,After Q2,After Q2
19/01/2022 22:07:18,UK,256,1641072140,After Q2,After Q2
20/01/2022 22:46:02,US,512,1641075840,After Q2,After Q2
19/01/2022 22:12:12,EU,512,1641079304,After Q2,After Q2
20/01/2022 17:36:41,EU,64,1641310517,After Q2,After Q2
20/01/2022 18:06:43,EU,256,1641346789,After Q2,After Q2
21/01/2022 09:07:23,UK,512,1641373357,After Q2,After Q2
19/01/2022 23:16:26,EU,512,1641421930,After Q2,After Q2
22/01/2022 21:50:27,EU,64,1641555479,After Q2,After Q2
22/01/2022 07:01:29,US,256,1641582569,Q2,After Q2
19/01/2022 22:10:53,EU,512,1641758958,After Q2,After Q2
10/02/2022 09:34:06,EU,256,1641909986,After Q2,After Q2
20/01/2022 01:21:03,US,512,1642008351,Q1,Q1
20/01/2022 09:52:25,US,256,1642088740,After Q2,After Q2
20/01/2022 02:02:33,US,256,1642121520,After Q2,After Q2
22/01/2022 01:39:56,EU,512,1642161929,After Q2,After Q2
10/02/2022 08:46:39,US,512,1642222146,After Q2,After Q2
20/01/2022 15:49:07,UK,512,1642231636,Q2,After Q2
20/01/2022 11:30:44,EU,512,1642257897,After Q2,After Q2
20/01/2022 04:15:01,US,512,1642547322,After Q2,After Q2
20/01/2022 21:17:00,US,256,1642620755,After Q2,After Q2
20/01/2022 20:29:29,EU,256,1642706127,Q2,Q2
26/01/2022 02:00:11,US,512,1642713046,After Q2,After Q2
30/01/2022 14:42:13,US,512,1642713046,After Q2,After Q2
21/01/2022 20:58:42,US,256,1642739500,After Q2,After Q2
21/01/2022 15:33:37,EU,512,1642770451,After Q2,After Q2
08/02/2022 22:55:32,US,256,1642793513,After Q2,After Q2
22/01/2022 16:30:33,US,256,1642804676,After Q2,After Q2
24/01/2022 21:48:30,US,512,1643055266,After Q2,After Q2
26/01/2022 12:09:39,EU,512,1643056246,After Q2,After Q2
29/01/2022 12:45:11,EU,512,1643401299,After Q2,After Q2
05/02/2022 21:57:41,UK,512,1643468546,After Q2,After Q2
07/02/2022 20:08:57,US,512,1643893207,After Q2,After Q2
05/02/2022 01:23:50,UK,256,1643938756,After Q2,After Q2
05/02/2022 02:35:06,US,512,1644021484,After Q2,After Q2
07/02/2022 22:10:12,US,256,1644268118,After Q2,After Q2